<?xml version="1.0" encoding="UTF-8"?>
<segment>
    <name>MO</name>
    <description>Money</description>
    <elements>
        <field minOccurs="0" maxOccurs="0">
            <name>MO.1</name>
            <description>Quantity</description>
            <datatype>NM</datatype>
        </field>
        <field minOccurs="0" maxOccurs="0">
            <name>MO.2</name>
            <description>Denomination</description>
            <datatype>ID</datatype>
        </field>
    </elements>
</segment>
