<?xml version="1.0" encoding="UTF-8"?>
<segment>
    <name>SN</name>
    <description>Structured Numeric</description>
    <elements>
        <field minOccurs="0" maxOccurs="0">
            <name>SN.1</name>
            <description>Comparator</description>
            <datatype>String</datatype>
        </field>
        <field minOccurs="0" maxOccurs="0">
            <name>SN.2</name>
            <description>Num1</description>
            <datatype>NM</datatype>
        </field>
        <field minOccurs="0" maxOccurs="0">
            <name>SN.3</name>
            <description>Separator/Suffix</description>
            <datatype>String</datatype>
        </field>
        <field minOccurs="0" maxOccurs="0">
            <name>SN.4</name>
            <description>Num2</description>
            <datatype>NM</datatype>
        </field>
    </elements>
</segment>
