<?xml version="1.0" encoding="UTF-8"?>
<segment>
    <name>OH</name>
    <description>Office Hours</description>
    <elements>
        <field minOccurs="0" maxOccurs="0">
            <name>OH.1</name>
            <description>Office Day</description>
            <datatype>String</datatype>
        </field>
        <field minOccurs="0" maxOccurs="0">
            <name>OH.2</name>
            <description>Office Start Time</description>
            <datatype>TM</datatype>
        </field>
        <field minOccurs="0" maxOccurs="0">
            <name>OH.3</name>
            <description>Office End Time</description>
            <datatype>TM</datatype>
        </field>
        <field minOccurs="0" maxOccurs="0">
            <name>OH.4</name>
            <description>Provider Start Time</description>
            <datatype>TM</datatype>
        </field>
        <field minOccurs="0" maxOccurs="0">
            <name>OH.5</name>
            <description>Provider End Time</description>
            <datatype>TM</datatype>
        </field>
    </elements>
</segment>
