<?xml version="1.0" encoding="UTF-8"?>
<segment>
    <name>RP</name>
    <description>Reference Pointer</description>
    <elements>
        <field minOccurs="0" maxOccurs="0">
            <name>RP.1</name>
            <description>Pointer</description>
            <datatype>ST</datatype>
        </field>
        <field minOccurs="0" maxOccurs="0">
            <name>RP.2</name>
            <description>Application ID</description>
            <datatype>HD</datatype>
        </field>
        <field minOccurs="0" maxOccurs="0">
            <name>RP.3</name>
            <description>Type of Data</description>
            <datatype>ID</datatype>
        </field>
        <field minOccurs="0" maxOccurs="0">
            <name>RP.4</name>
            <description>Sub Type</description>
            <datatype>ID</datatype>
        </field>
    </elements>
</segment>
