<?xml version="1.0" encoding="UTF-8"?>
<segment>
    <name>RCD</name>
    <description>Row Column Definition</description>
    <elements>
        <field minOccurs="0" maxOccurs="0">
            <name>RCD.1</name>
            <description>Item Number</description>
            <datatype>ST</datatype>
        </field>
        <field minOccurs="0" maxOccurs="0">
            <name>RCD.2</name>
            <description>Hl7 Data Type</description>
            <datatype>ST</datatype>
        </field>
        <field minOccurs="0" maxOccurs="0">
            <name>RCD.3</name>
            <description>Maximum Column Width</description>
            <datatype>NM</datatype>
        </field>
    </elements>
</segment>
