<?xml version="1.0" encoding="UTF-8"?>
<segment>
    <name>CD</name>
    <description>Channel Definition</description>
    <elements>
        <field minOccurs="0" maxOccurs="0">
            <name>CD.1</name>
            <description>Channel Identifier</description>
            <datatype>ST</datatype>
        </field>
        <field minOccurs="0" maxOccurs="0">
            <name>CD.2</name>
            <description>Channel Info</description>
            <datatype>CD_INFO</datatype>
        </field>
        <field minOccurs="0" maxOccurs="0">
            <name>CD.3</name>
            <description>Electrode Names</description>
            <datatype>ST</datatype>
        </field>
        <field minOccurs="0" maxOccurs="0">
            <name>CD.4</name>
            <description>Channel Sensitivity/Units</description>
            <datatype>ST</datatype>
        </field>
        <field minOccurs="0" maxOccurs="0">
            <name>CD.5</name>
            <description>Calibration Parameters</description>
            <datatype>ST</datatype>
        </field>
        <field minOccurs="0" maxOccurs="0">
            <name>CD.6</name>
            <description>Sampling Frequency</description>
            <datatype>NM</datatype>
        </field>
        <field minOccurs="0" maxOccurs="0">
            <name>CD.7</name>
            <description>Minimum/Maximum Data Values</description>
            <datatype>ST</datatype>
        </field>
    </elements>
</segment>
