<?xml version="1.0" encoding="UTF-8"?>
<segment>
    <name>XTN</name>
    <description>Extended Telecommunications Number</description>
    <elements>
        <field minOccurs="0" maxOccurs="0">
            <name>XTN.1</name>
            <description>Number</description>
            <datatype>ST</datatype>
        </field>
        <field minOccurs="0" maxOccurs="0">
            <name>XTN.2</name>
            <description>Telecommunications Use Code</description>
            <datatype>ID</datatype>
        </field>
        <field minOccurs="0" maxOccurs="0">
            <name>XTN.3</name>
            <description>Telecommunications Equipment Type</description>
            <datatype>ID</datatype>
        </field>
        <field minOccurs="0" maxOccurs="0">
            <name>XTN.4</name>
            <description>Email Address</description>
            <datatype>ST</datatype>
        </field>
        <field minOccurs="0" maxOccurs="0">
            <name>XTN.5</name>
            <description>Country Code</description>
            <datatype>NM</datatype>
        </field>
        <field minOccurs="0" maxOccurs="0">
            <name>XTN.6</name>
            <description>Area/City Code</description>
            <datatype>NM</datatype>
        </field>
        <field minOccurs="0" maxOccurs="0">
            <name>XTN.7</name>
            <description>Phone Number</description>
            <datatype>NM</datatype>
        </field>
        <field minOccurs="0" maxOccurs="0">
            <name>XTN.8</name>
            <description>Extension</description>
            <datatype>NM</datatype>
        </field>
        <field minOccurs="0" maxOccurs="0">
            <name>XTN.9</name>
            <description>Any Text</description>
            <datatype>ST</datatype>
        </field>
    </elements>
</segment>
