<?xml version="1.0" encoding="UTF-8"?>
<segment>
    <name>XPN</name>
    <description>Extended Person Name</description>
    <elements>
        <field minOccurs="0" maxOccurs="0">
            <name>XPN.1</name>
            <description>Family Name</description>
            <datatype>ST</datatype>
        </field>
        <field minOccurs="0" maxOccurs="0">
            <name>XPN.2</name>
            <description>Given Name</description>
            <datatype>ST</datatype>
        </field>
        <field minOccurs="0" maxOccurs="0">
            <name>XPN.3</name>
            <description>Middle Initial or Name</description>
            <datatype>ST</datatype>
        </field>
        <field minOccurs="0" maxOccurs="0">
            <name>XPN.4</name>
            <description>Suffix</description>
            <datatype>ST</datatype>
        </field>
        <field minOccurs="0" maxOccurs="0">
            <name>XPN.5</name>
            <description>Prefix</description>
            <datatype>ST</datatype>
        </field>
        <field minOccurs="0" maxOccurs="0">
            <name>XPN.6</name>
            <description>Degree</description>
            <datatype>ST</datatype>
        </field>
        <field minOccurs="0" maxOccurs="0">
            <name>XPN.7</name>
            <description>Name Type Code</description>
            <datatype>ID</datatype>
        </field>
    </elements>
</segment>
