<?xml version="1.0" encoding="UTF-8"?>
<segment>
    <name>QIP_VALUES</name>
    <description>Used by the QIP Composite</description>
    <elements>
        <field minOccurs="0" maxOccurs="0">
            <name>QIP_VALUES.1</name>
            <description>Value1</description>
            <datatype>ST</datatype>
        </field>
        <field minOccurs="0" maxOccurs="0">
            <name>QIP_VALUES.2</name>
            <description>Value2</description>
            <datatype>ST</datatype>
        </field>
        <field minOccurs="0" maxOccurs="0">
            <name>QIP_VALUES.3</name>
            <description>Value3</description>
            <datatype>ST</datatype>
        </field>
        <field minOccurs="0" maxOccurs="0">
            <name>QIP_VALUES.4</name>
            <description>Value4</description>
            <datatype>ST</datatype>
        </field>
        <field minOccurs="0" maxOccurs="0">
            <name>QIP_VALUES.5</name>
            <description>Value5</description>
            <datatype>ST</datatype>
        </field>
    </elements>
</segment>
