<?xml version="1.0" encoding="UTF-8"?>
<message>
    <name>OSRQ06</name>
    <description>Order Status Response</description>
    <segments>
        <segment>MSH</segment>
        <segment>MSA</segment>
        <segment minOccurs="0">ERR</segment>
        <segment minOccurs="0" maxOccurs="unbounded">NTE</segment>
        <segment>QRD</segment>
        <segment minOccurs="0">QRF</segment>
        <group minOccurs="0">
            <group minOccurs="0">
                <segment>PID</segment>
                <segment minOccurs="0" maxOccurs="unbounded">NTE</segment>
            </group>
            <group maxOccurs="unbounded">
                <segment>ORC</segment>
                <segment minOccurs="0">OBR</segment>
                <segment minOccurs="0" maxOccurs="unbounded">NTE</segment>
                <segment minOccurs="0" maxOccurs="unbounded">CTI</segment>
            </group>
        </group>
        <segment minOccurs="0">DSC</segment>
    </segments>
</message>
