<?xml version="1.0" encoding="UTF-8"?>
<message>
    <name>RDERDE</name>
    <description>Pharmacy Encoded Order Message</description>
    <segments>
        <segment>MSH</segment>
        <segment minOccurs="0" maxOccurs="unbounded">NTE</segment>
        <group minOccurs="0">
            <segment>PID</segment>
            <segment minOccurs="0">PD1</segment>
            <segment minOccurs="0" maxOccurs="unbounded">NTE</segment>
            <group minOccurs="0">
                <segment>PV1</segment>
                <segment minOccurs="0">PV2</segment>
            </group>
            <group maxOccurs="unbounded" minOccurs="0">
                <segment>IN1</segment>
                <segment minOccurs="0">IN2</segment>
                <segment minOccurs="0">IN3</segment>
            </group>
            <segment minOccurs="0">GT1</segment>
            <segment minOccurs="0" maxOccurs="unbounded">AL1</segment>
        </group>
        <group maxOccurs="unbounded">
            <segment>ORC</segment>
            <group minOccurs="0">
                <segment>RXO</segment>
                <segment minOccurs="0" maxOccurs="unbounded">NTE</segment>
                <segment maxOccurs="unbounded">RXR</segment>
                <group minOccurs="0">
                    <segment maxOccurs="unbounded">RXC</segment>
                    <segment minOccurs="0" maxOccurs="unbounded">NTE</segment>
                </group>
            </group>
            <segment>RXE</segment>
            <segment maxOccurs="unbounded">RXR</segment>
            <segment minOccurs="0" maxOccurs="unbounded">RXC</segment>
            <group maxOccurs="unbounded">
                <segment minOccurs="0">OBX</segment>
                <segment minOccurs="0" maxOccurs="unbounded">NTE</segment>
            </group>
            <segment minOccurs="0">CTI</segment>
        </group>
    </segments>
</message>
