<?xml version="1.0" encoding="UTF-8"?>
<message>
    <name>RDSRDS</name>
    <description>Pharmacy Dispense Message</description>
    <segments>
        <segment>MSH</segment>
        <segment minOccurs="0" maxOccurs="unbounded">NTE</segment>
        <group minOccurs="0">
            <segment>PID</segment>
            <segment minOccurs="0">PD1</segment>
            <segment minOccurs="0" maxOccurs="unbounded">NTE</segment>
            <segment minOccurs="0" maxOccurs="unbounded">AL1</segment>
            <group minOccurs="0">
                <segment>PV1</segment>
                <segment minOccurs="0">PV2</segment>
            </group>
        </group>
        <group maxOccurs="unbounded">
            <segment>ORC</segment>
            <group minOccurs="0">
                <segment>RXO</segment>
                <group minOccurs="0">
                    <segment maxOccurs="unbounded">NTE</segment>
                    <segment maxOccurs="unbounded">RXR</segment>
                    <group minOccurs="0">
                        <segment maxOccurs="unbounded">RXC</segment>
                        <segment minOccurs="0" maxOccurs="unbounded">NTE</segment>
                    </group>
                </group>
            </group>
            <group minOccurs="0">
                <segment>RXE</segment>
                <segment maxOccurs="unbounded">RXR</segment>
                <segment minOccurs="0" maxOccurs="unbounded">RXC</segment>
            </group>
            <segment>RXD</segment>
            <segment maxOccurs="unbounded">RXR</segment>
            <segment minOccurs="0" maxOccurs="unbounded">RXC</segment>
            <group maxOccurs="unbounded">
                <segment>OBX</segment>
                <segment minOccurs="0" maxOccurs="unbounded">NTE</segment>
            </group>
        </group>
    </segments>
</message>
