<?xml version="1.0" encoding="UTF-8"?>
<message>
    <name>ADRA19</name>
    <description>Patient Query - Response to Qry</description>
    <segments>
        <segment>MSH</segment>
        <segment>MSA</segment>
        <segment minOccurs="0">ERR</segment>
        <segment>QRD</segment>
        <segment minOccurs="0">QRF</segment>
        <group maxOccurs="unbounded">
            <segment minOccurs="0">EVN</segment>
            <segment>PID</segment>
            <segment minOccurs="0">PD1</segment>
            <segment minOccurs="0" maxOccurs="unbounded">NK1</segment>
            <segment>PV1</segment>
            <segment minOccurs="0">PV2</segment>
            <segment minOccurs="0" maxOccurs="unbounded">DB1</segment>
            <segment minOccurs="0" maxOccurs="unbounded">OBX</segment>
            <segment minOccurs="0" maxOccurs="unbounded">AL1</segment>
            <segment minOccurs="0" maxOccurs="unbounded">DG1</segment>
            <segment minOccurs="0">DRG</segment>
            <group maxOccurs="unbounded" minOccurs="0">
                <segment>PR1</segment>
                <segment minOccurs="0" maxOccurs="unbounded">ROL</segment>
            </group>
            <segment minOccurs="0" maxOccurs="unbounded">GT1</segment>
            <group maxOccurs="unbounded" minOccurs="0">
                <segment>IN1</segment>
                <segment minOccurs="0">IN2</segment>
                <segment minOccurs="0">IN3</segment>
            </group>
            <segment minOccurs="0">ACC</segment>
            <segment minOccurs="0">UB1</segment>
            <segment minOccurs="0">UB2</segment>
        </group>
        <segment minOccurs="0">DSC</segment>
    </segments>
</message>
