<?xml version="1.0" encoding="UTF-8"?>
<message>
    <name>RRGO02</name>
    <description>Pharmacy Give Acknowledgement</description>
    <segments>
        <segment>MSH</segment>
        <segment>MSA</segment>
        <segment minOccurs="0">ERR</segment>
        <segment minOccurs="0" maxOccurs="unbounded">NTE</segment>
        <group minOccurs="0">
            <group minOccurs="0">
                <segment>PID</segment>
                <segment minOccurs="0" maxOccurs="unbounded">NTE</segment>
            </group>
            <group maxOccurs="unbounded">
                <segment>ORC</segment>
                <group minOccurs="0">
                    <segment>RXG</segment>
                    <segment maxOccurs="unbounded">RXR</segment>
                    <segment minOccurs="0" maxOccurs="unbounded">RXC</segment>
                </group>
            </group>
        </group>
    </segments>
</message>
