<?xml version="1.0" encoding="UTF-8"?>
<message>
    <name>PCVCVW</name>
    <description>Web Update</description>
    <segments>
        <segment>MSH</segment>
        <segment>EVN</segment>
        <segment>PCI</segment>
        <segment minOccurs="0" maxOccurs="unbounded">PCO</segment>
        <segment minOccurs="0" maxOccurs="unbounded">PCW</segment>
        <segment minOccurs="0" maxOccurs="unbounded">PCT</segment>
        <segment minOccurs="0" maxOccurs="unbounded">PCB</segment>
        <segment minOccurs="0" maxOccurs="unbounded">PCL</segment>
        <segment minOccurs="0" maxOccurs="unbounded">PCM</segment>
        <segment minOccurs="0" maxOccurs="unbounded">PCR</segment>
        <segment minOccurs="0" maxOccurs="unbounded">PCH</segment>
        <segment minOccurs="0" maxOccurs="unbounded">PCD</segment>
        <segment minOccurs="0" maxOccurs="unbounded">PCS</segment>
        <segment minOccurs="0" maxOccurs="unbounded">PCC</segment>
        <segment minOccurs="0" maxOccurs="unbounded">PCA</segment>
    </segments>
</message>
