<?xml version="1.0" encoding="UTF-8"?>
<message>
    <name>MFRM03</name>
    <description>Master Files Query Response</description>
    <segments>
        <segment>MSH</segment>
        <segment>MSA</segment>
        <segment minOccurs="0">ERR</segment>
        <segment>QRD</segment>
        <segment minOccurs="0">QRF</segment>
        <segment>MFI</segment>
        <group maxOccurs="unbounded">
            <segment>MFE</segment>
            <segment minOccurs="0">MFE</segment>
        </group>
        <segment minOccurs="0">DSC</segment>
    </segments>
</message>
