<?xml version="1.0" encoding="UTF-8"?>
<message>
    <name>ADTA16</name>
    <description>Pending Discharge</description>
    <segments>
        <segment>MSH</segment>
        <segment>EVN</segment>
        <segment>PID</segment>
        <segment minOccurs="0">PD1</segment>
        <segment>PV1</segment>
        <segment minOccurs="0">PV2</segment>
        <segment minOccurs="0" maxOccurs="unbounded">DB1</segment>
        <segment minOccurs="0" maxOccurs="unbounded">OBX</segment>
        <segment minOccurs="0">DG1</segment>
        <segment minOccurs="0">DRG</segment>
    </segments>
</message>
