<?xml version="1.0" encoding="UTF-8"?>
<message>
    <name>PEXP08</name>
    <description>Unsolicited Update Individual Product Experience Report</description>
    <segments>
        <segment>MSH</segment>
        <segment>EVN</segment>
        <segment>PID</segment>
        <segment minOccurs="0">PD1</segment>
        <segment minOccurs="0" maxOccurs="unbounded">NTE</segment>
        <group minOccurs="0">
            <segment>PV1</segment>
            <segment minOccurs="0">PV2</segment>
        </group>
        <group maxOccurs="unbounded">
            <segment>PES</segment>
            <group maxOccurs="unbounded">
                <segment>PEO</segment>
                <group maxOccurs="unbounded">
                    <segment>PCR</segment>
                    <group minOccurs="0">
                        <segment>RXE</segment>
                        <segment minOccurs="0" maxOccurs="unbounded">RXR</segment>
                    </group>
                    <group maxOccurs="unbounded" minOccurs="0">
                        <segment>RXA</segment>
                        <segment minOccurs="0">RXR</segment>
                    </group>
                    <segment minOccurs="0" maxOccurs="unbounded">PRB</segment>
                    <segment minOccurs="0" maxOccurs="unbounded">OBX</segment>
                    <segment minOccurs="0" maxOccurs="unbounded">NTE</segment>
                    <group minOccurs="0">
                        <segment>NK1</segment>
                        <group minOccurs="0">
                            <segment>RXE</segment>
                            <segment minOccurs="0" maxOccurs="unbounded">RXR</segment>
                        </group>
                        <group maxOccurs="unbounded" minOccurs="0">
                            <segment>RXA</segment>
                            <segment minOccurs="0">RXR</segment>
                        </group>
                        <segment minOccurs="0" maxOccurs="unbounded">PRB</segment>
                        <segment minOccurs="0" maxOccurs="unbounded">OBX</segment>
                    </group>
                    <group maxOccurs="unbounded" minOccurs="0">
                        <segment>CSR</segment>
                        <segment minOccurs="0" maxOccurs="unbounded">CSP</segment>
                    </group>
                </group>
            </group>
        </group>
    </segments>
</message>
