<?xml version="1.0" encoding="UTF-8"?>
<segment>
    <name>AIG</name>
    <description>Appointment Information - General Resource</description>
    <elements>
        <field minOccurs="1" maxOccurs="0">
            <name>AIG.1</name>
            <description>Set ID</description>
            <datatype>SI</datatype>
        </field>
        <field minOccurs="0" maxOccurs="0">
            <name>AIG.2</name>
            <description>Segment Action Code</description>
            <datatype>ID</datatype>
        </field>
        <field minOccurs="0" maxOccurs="0">
            <name>AIG.3</name>
            <description>Resource ID</description>
            <datatype>CE</datatype>
        </field>
        <field minOccurs="1" maxOccurs="0">
            <name>AIG.4</name>
            <description>Resource Type</description>
            <datatype>CE</datatype>
        </field>
        <field minOccurs="0" maxOccurs="0">
            <name>AIG.5</name>
            <description>Resource Group</description>
            <datatype>CE</datatype>
        </field>
        <field minOccurs="0" maxOccurs="0">
            <name>AIG.6</name>
            <description>Resource Quantity</description>
            <datatype>NM</datatype>
        </field>
        <field minOccurs="0" maxOccurs="0">
            <name>AIG.7</name>
            <description>Resource Quantity Units</description>
            <datatype>CE</datatype>
        </field>
        <field minOccurs="0" maxOccurs="0">
            <name>AIG.8</name>
            <description>Start Date/Time</description>
            <datatype>TS</datatype>
        </field>
        <field minOccurs="0" maxOccurs="0">
            <name>AIG.9</name>
            <description>Start Date/Time Offset</description>
            <datatype>NM</datatype>
        </field>
        <field minOccurs="0" maxOccurs="0">
            <name>AIG.10</name>
            <description>Start Date/Time Offset Units</description>
            <datatype>CE</datatype>
        </field>
        <field minOccurs="0" maxOccurs="0">
            <name>AIG.11</name>
            <description>Duration</description>
            <datatype>NM</datatype>
        </field>
        <field minOccurs="0" maxOccurs="0">
            <name>AIG.12</name>
            <description>Duration Units</description>
            <datatype>CE</datatype>
        </field>
        <field minOccurs="0" maxOccurs="0">
            <name>AIG.13</name>
            <description>Allow Substitution Code</description>
            <datatype>IS</datatype>
        </field>
        <field minOccurs="0" maxOccurs="0">
            <name>AIG.14</name>
            <description>Filler Status Code</description>
            <datatype>CE</datatype>
        </field>
    </elements>
</segment>
