<?xml version="1.0" encoding="UTF-8"?>
<segment>
    <name>RXR</name>
    <description>Pharmacy/Treatment route</description>
    <elements>
        <field minOccurs="1" maxOccurs="0">
            <name>RXR.1</name>
            <description>Route</description>
            <datatype>CE</datatype>
        </field>
        <field minOccurs="0" maxOccurs="0">
            <name>RXR.2</name>
            <description>Site</description>
            <datatype>CE</datatype>
        </field>
        <field minOccurs="0" maxOccurs="0">
            <name>RXR.3</name>
            <description>Administration Device</description>
            <datatype>CE</datatype>
        </field>
        <field minOccurs="0" maxOccurs="0">
            <name>RXR.4</name>
            <description>Administration Method</description>
            <datatype>CE</datatype>
        </field>
    </elements>
</segment>
