<?xml version="1.0" encoding="UTF-8"?>
<segment>
    <name>PCD</name>
    <description>Date Information Segment</description>
    <elements>
        <field minOccurs="1" maxOccurs="0">
            <name>PCD.1</name>
            <description>Date Type</description>
            <datatype>IS</datatype>
        </field>
        <field minOccurs="1" maxOccurs="0">
            <name>PCD.2</name>
            <description>When</description>
            <datatype>DT</datatype>
        </field>
        <field minOccurs="0" maxOccurs="0">
            <name>PCD.3</name>
            <description>Comment</description>
            <datatype>ST</datatype>
        </field>
        <field minOccurs="1" maxOccurs="0">
            <name>PCD.4</name>
            <description>Standing</description>
            <datatype>IS</datatype>
        </field>
        <field minOccurs="0" maxOccurs="0">
            <name>PCD.5</name>
            <description>Revised By</description>
            <datatype>PPN</datatype>
        </field>
        <field minOccurs="0" maxOccurs="0">
            <name>PCD.6</name>
            <description>Date Reason Code</description>
            <datatype>IS</datatype>
        </field>
    </elements>
</segment>
