<?xml version="1.0" encoding="UTF-8"?>
<segment>
    <name>PCP</name>
    <description>Peer Reference Information Segment</description>
    <elements>
        <field minOccurs="1" maxOccurs="0">
            <name>PCP.1</name>
            <description>PCP Subject</description>
            <datatype>XCN</datatype>
        </field>
        <field minOccurs="0" maxOccurs="0">
            <name>PCP.2</name>
            <description>External ID</description>
            <datatype>CX</datatype>
        </field>
        <field minOccurs="0" maxOccurs="0">
            <name>PCP.3</name>
            <description>Description</description>
            <datatype>IS</datatype>
        </field>
        <field minOccurs="0" maxOccurs="0">
            <name>PCP.4</name>
            <description>StateRegistration</description>
            <datatype>ST</datatype>
        </field>
        <field minOccurs="0" maxOccurs="0">
            <name>PCP.5</name>
            <description>PCPListed</description>
            <datatype>ST</datatype>
        </field>
        <field minOccurs="0" maxOccurs="0">
            <name>PCP.6</name>
            <description>Address</description>
            <datatype>XAD</datatype>
        </field>
        <field minOccurs="0" maxOccurs="0">
            <name>PCP.7</name>
            <description>Phone</description>
            <datatype>XTN</datatype>
        </field>
        <field minOccurs="0" maxOccurs="0">
            <name>PCP.8</name>
            <description>Specialty</description>
            <datatype>IS</datatype>
        </field>
        <field minOccurs="0" maxOccurs="0">
            <name>PCP.9</name>
            <description>Revised By</description>
            <datatype>PPN</datatype>
        </field>
        <field minOccurs="0" maxOccurs="0">
            <name>PCP.10</name>
            <description>Comment</description>
            <datatype>ST</datatype>
        </field>
        <field minOccurs="1" maxOccurs="0">
            <name>PCP.11</name>
            <description>Standing</description>
            <datatype>IS</datatype>
        </field>
    </elements>
</segment>
