<?xml version="1.0" encoding="UTF-8"?>
<segment>
    <name>ODT</name>
    <description>Diet Tray Instructions</description>
    <elements>
        <field minOccurs="1" maxOccurs="0">
            <name>ODT.1</name>
            <description>Tray Type</description>
            <datatype>CE</datatype>
        </field>
        <field minOccurs="0" maxOccurs="10">
            <name>ODT.2</name>
            <description>Service Period</description>
            <datatype>CE</datatype>
        </field>
        <field minOccurs="0" maxOccurs="0">
            <name>ODT.3</name>
            <description>Text Instruction</description>
            <datatype>ST</datatype>
        </field>
    </elements>
</segment>
