<?xml version="1.0" encoding="UTF-8"?>
<segment>
    <name>PD1</name>
    <description>Patient Demographic</description>
    <elements>
        <field minOccurs="0" maxOccurs="0">
            <name>PD1.1</name>
            <description>Living Dependency</description>
            <datatype>IS</datatype>
        </field>
        <field minOccurs="0" maxOccurs="0">
            <name>PD1.2</name>
            <description>Living Arrangement</description>
            <datatype>IS</datatype>
        </field>
        <field minOccurs="0" maxOccurs="0">
            <name>PD1.3</name>
            <description>Patient Primary Facility</description>
            <datatype>XON</datatype>
        </field>
        <field minOccurs="0" maxOccurs="0">
            <name>PD1.4</name>
            <description>Patient Primary Care Provider Name &amp; ID No.</description>
            <datatype>XCN</datatype>
        </field>
        <field minOccurs="0" maxOccurs="0">
            <name>PD1.5</name>
            <description>Student Indicator</description>
            <datatype>IS</datatype>
        </field>
        <field minOccurs="0" maxOccurs="0">
            <name>PD1.6</name>
            <description>Handicap</description>
            <datatype>IS</datatype>
        </field>
        <field minOccurs="0" maxOccurs="0">
            <name>PD1.7</name>
            <description>Living Will</description>
            <datatype>IS</datatype>
        </field>
        <field minOccurs="0" maxOccurs="0">
            <name>PD1.8</name>
            <description>Organ Donor</description>
            <datatype>IS</datatype>
        </field>
        <field minOccurs="0" maxOccurs="0">
            <name>PD1.9</name>
            <description>Separate Bill</description>
            <datatype>ID</datatype>
        </field>
        <field minOccurs="0" maxOccurs="0">
            <name>PD1.10</name>
            <description>Duplicate Patient</description>
            <datatype>CX</datatype>
        </field>
        <field minOccurs="0" maxOccurs="0">
            <name>PD1.11</name>
            <description>Publicity Indicator</description>
            <datatype>CE</datatype>
        </field>
        <field minOccurs="0" maxOccurs="0">
            <name>PD1.12</name>
            <description>Protection Indicator</description>
            <datatype>ID</datatype>
        </field>
    </elements>
</segment>
