<?xml version="1.0" encoding="UTF-8"?>
<segment>
    <name>CTD</name>
    <description>Contact Data</description>
    <elements>
        <field minOccurs="1" maxOccurs="0">
            <name>CTD.1</name>
            <description>Role</description>
            <datatype>CE</datatype>
        </field>
        <field minOccurs="0" maxOccurs="0">
            <name>CTD.2</name>
            <description>Contact Name</description>
            <datatype>XPN</datatype>
        </field>
        <field minOccurs="0" maxOccurs="0">
            <name>CTD.3</name>
            <description>Contact Address</description>
            <datatype>XAD</datatype>
        </field>
        <field minOccurs="0" maxOccurs="0">
            <name>CTD.4</name>
            <description>Contact Location</description>
            <datatype>PL</datatype>
        </field>
        <field minOccurs="0" maxOccurs="0">
            <name>CTD.5</name>
            <description>Contact Communication Information</description>
            <datatype>XTN</datatype>
        </field>
        <field minOccurs="0" maxOccurs="0">
            <name>CTD.6</name>
            <description>Preferred Method of Contact</description>
            <datatype>CE</datatype>
        </field>
        <field minOccurs="0" maxOccurs="0">
            <name>CTD.7</name>
            <description>Contact Identifiers</description>
            <datatype>CM</datatype>
        </field>
    </elements>
</segment>
