<?xml version="1.0" encoding="UTF-8"?>
<segment>
    <name>MRG</name>
    <description>Merge Patient Information</description>
    <elements>
        <field minOccurs="1" maxOccurs="0">
            <name>MRG.1</name>
            <description>Prior Patient ID - Internal</description>
            <datatype>CX</datatype>
        </field>
        <field minOccurs="0" maxOccurs="0">
            <name>MRG.2</name>
            <description>Prior Alternate Patient ID</description>
            <datatype>CX</datatype>
        </field>
        <field minOccurs="0" maxOccurs="0">
            <name>MRG.3</name>
            <description>Prior Patient Account Number</description>
            <datatype>CX</datatype>
        </field>
        <field minOccurs="0" maxOccurs="0">
            <name>MRG.4</name>
            <description>Prior Patient ID - External</description>
            <datatype>CX</datatype>
        </field>
        <field minOccurs="0" maxOccurs="0">
            <name>MRG.5</name>
            <description>Prior Visit Number</description>
            <datatype>CX</datatype>
        </field>
        <field minOccurs="0" maxOccurs="0">
            <name>MRG.6</name>
            <description>Prior Alternate Visit ID</description>
            <datatype>CX</datatype>
        </field>
        <field minOccurs="0" maxOccurs="0">
            <name>MRG.7</name>
            <description>Prior Patient Name</description>
            <datatype>XPN</datatype>
        </field>
    </elements>
</segment>
