<?xml version="1.0" encoding="UTF-8"?>
<segment>
    <name>PES</name>
    <description>Product Experience Sender</description>
    <elements>
        <field minOccurs="0" maxOccurs="0">
            <name>PES.1</name>
            <description>Sender Organization Name</description>
            <datatype>XON</datatype>
        </field>
        <field minOccurs="0" maxOccurs="0">
            <name>PES.2</name>
            <description>Sender Individual Name</description>
            <datatype>XCN</datatype>
        </field>
        <field minOccurs="0" maxOccurs="0">
            <name>PES.3</name>
            <description>Sender Address</description>
            <datatype>XAD</datatype>
        </field>
        <field minOccurs="0" maxOccurs="0">
            <name>PES.4</name>
            <description>Sender Telephone</description>
            <datatype>XTN</datatype>
        </field>
        <field minOccurs="0" maxOccurs="0">
            <name>PES.5</name>
            <description>Sender Event Identifier</description>
            <datatype>EI</datatype>
        </field>
        <field minOccurs="0" maxOccurs="0">
            <name>PES.6</name>
            <description>Sender Sequence Number</description>
            <datatype>NM</datatype>
        </field>
        <field minOccurs="0" maxOccurs="0">
            <name>PES.7</name>
            <description>Sender Event Description</description>
            <datatype>FT</datatype>
        </field>
        <field minOccurs="0" maxOccurs="0">
            <name>PES.8</name>
            <description>Sender Comment</description>
            <datatype>FT</datatype>
        </field>
        <field minOccurs="0" maxOccurs="0">
            <name>PES.9</name>
            <description>Sender Aware Date/Tme</description>
            <datatype>TS</datatype>
        </field>
        <field minOccurs="1" maxOccurs="0">
            <name>PES.10</name>
            <description>Event Report Date</description>
            <datatype>TS</datatype>
        </field>
        <field minOccurs="0" maxOccurs="2">
            <name>PES.11</name>
            <description>Event Report Timing/Type</description>
            <datatype>ID</datatype>
        </field>
        <field minOccurs="0" maxOccurs="0">
            <name>PES.12</name>
            <description>Event Report Source</description>
            <datatype>ID</datatype>
        </field>
        <field minOccurs="0" maxOccurs="0">
            <name>PES.13</name>
            <description>Event Reported To</description>
            <datatype>ID</datatype>
        </field>
    </elements>
</segment>
