<?xml version="1.0" encoding="UTF-8"?>
<segment>
    <name>CM1</name>
    <description>Clinical Study Phase Master</description>
    <elements>
        <field minOccurs="1" maxOccurs="0">
            <name>CM1.1</name>
            <description>Set ID</description>
            <datatype>SI</datatype>
        </field>
        <field minOccurs="1" maxOccurs="0">
            <name>CM1.2</name>
            <description>Study Phase Identifier</description>
            <datatype>CE</datatype>
        </field>
        <field minOccurs="1" maxOccurs="0">
            <name>CM1.3</name>
            <description>Description of Study Phase</description>
            <datatype>ST</datatype>
        </field>
    </elements>
</segment>
