<?xml version="1.0" encoding="UTF-8"?>
<segment>
    <name>PCH</name>
    <description>Hospital Information Segment</description>
    <elements>
        <field minOccurs="1" maxOccurs="0">
            <name>PCH.1</name>
            <description>Hospital</description>
            <datatype>XON</datatype>
        </field>
        <field minOccurs="0" maxOccurs="0">
            <name>PCH.2</name>
            <description>External ID</description>
            <datatype>CX</datatype>
        </field>
        <field minOccurs="0" maxOccurs="0">
            <name>PCH.3</name>
            <description>Privilege</description>
            <datatype>IS</datatype>
        </field>
        <field minOccurs="0" maxOccurs="0">
            <name>PCH.4</name>
            <description>Is Restricted</description>
            <datatype>ST</datatype>
        </field>
        <field minOccurs="0" maxOccurs="0">
            <name>PCH.5</name>
            <description>Department</description>
            <datatype>ST</datatype>
        </field>
        <field minOccurs="0" maxOccurs="0">
            <name>PCH.6</name>
            <description>Is Primary</description>
            <datatype>ST</datatype>
        </field>
        <field minOccurs="0" maxOccurs="0">
            <name>PCH.7</name>
            <description>Appointment Date</description>
            <datatype>DT</datatype>
        </field>
        <field minOccurs="0" maxOccurs="0">
            <name>PCH.8</name>
            <description>Reappointment Date</description>
            <datatype>DT</datatype>
        </field>
        <field minOccurs="0" maxOccurs="0">
            <name>PCH.9</name>
            <description>Is Outside Service</description>
            <datatype>ST</datatype>
        </field>
        <field minOccurs="0" maxOccurs="0">
            <name>PCH.10</name>
            <description>Address</description>
            <datatype>XAD</datatype>
        </field>
        <field minOccurs="0" maxOccurs="0">
            <name>PCH.11</name>
            <description>Phone</description>
            <datatype>XTN</datatype>
        </field>
        <field minOccurs="0" maxOccurs="0">
            <name>PCH.12</name>
            <description>Admitter</description>
            <datatype>XON</datatype>
        </field>
        <field minOccurs="0" maxOccurs="0">
            <name>PCH.13</name>
            <description>Specialty</description>
            <datatype>IS</datatype>
        </field>
        <field minOccurs="0" maxOccurs="0">
            <name>PCH.14</name>
            <description>Comment</description>
            <datatype>ST</datatype>
        </field>
        <field minOccurs="1" maxOccurs="0">
            <name>PCH.15</name>
            <description>Standing</description>
            <datatype>IS</datatype>
        </field>
        <field minOccurs="0" maxOccurs="0">
            <name>PCH.16</name>
            <description>Revised By</description>
            <datatype>PPN</datatype>
        </field>
        <field minOccurs="0" maxOccurs="0">
            <name>PCH.17</name>
            <description>Percent Admit</description>
            <datatype>ST</datatype>
        </field>
        <field minOccurs="0" maxOccurs="0">
            <name>PCH.18</name>
            <description>Contact Person</description>
            <datatype>XPN</datatype>
        </field>
    </elements>
</segment>
