<?xml version="1.0" encoding="UTF-8"?>
<segment>
    <name>PDC</name>
    <description>Product Detail Country</description>
    <elements>
        <field minOccurs="1" maxOccurs="0">
            <name>PDC.1</name>
            <description>Manufacturer/Distributor</description>
            <datatype>XON</datatype>
        </field>
        <field minOccurs="1" maxOccurs="0">
            <name>PDC.2</name>
            <description>Country</description>
            <datatype>CE</datatype>
        </field>
        <field minOccurs="1" maxOccurs="0">
            <name>PDC.3</name>
            <description>Brand Name</description>
            <datatype>ST</datatype>
        </field>
        <field minOccurs="0" maxOccurs="0">
            <name>PDC.4</name>
            <description>Device Family Name</description>
            <datatype>ST</datatype>
        </field>
        <field minOccurs="0" maxOccurs="0">
            <name>PDC.5</name>
            <description>Generic Name</description>
            <datatype>CE</datatype>
        </field>
        <field minOccurs="0" maxOccurs="0">
            <name>PDC.6</name>
            <description>Model Identifier</description>
            <datatype>ST</datatype>
        </field>
        <field minOccurs="0" maxOccurs="0">
            <name>PDC.7</name>
            <description>Catalogue Identifier</description>
            <datatype>ST</datatype>
        </field>
        <field minOccurs="0" maxOccurs="0">
            <name>PDC.8</name>
            <description>Other Identifier</description>
            <datatype>ST</datatype>
        </field>
        <field minOccurs="0" maxOccurs="0">
            <name>PDC.9</name>
            <description>Product Code</description>
            <datatype>CE</datatype>
        </field>
        <field minOccurs="0" maxOccurs="0">
            <name>PDC.10</name>
            <description>Marketing Basis</description>
            <datatype>ID</datatype>
        </field>
        <field minOccurs="0" maxOccurs="0">
            <name>PDC.11</name>
            <description>Marketing Approval Identifier</description>
            <datatype>ST</datatype>
        </field>
        <field minOccurs="0" maxOccurs="0">
            <name>PDC.12</name>
            <description>Labeled Shelf Life</description>
            <datatype>CQ</datatype>
        </field>
        <field minOccurs="0" maxOccurs="0">
            <name>PDC.13</name>
            <description>Expected Shelf Life</description>
            <datatype>CQ</datatype>
        </field>
        <field minOccurs="0" maxOccurs="0">
            <name>PDC.14</name>
            <description>Date First Marketed</description>
            <datatype>TS</datatype>
        </field>
        <field minOccurs="0" maxOccurs="0">
            <name>PDC.15</name>
            <description>Date Last Marketed</description>
            <datatype>TS</datatype>
        </field>
    </elements>
</segment>
