<?xml version="1.0" encoding="UTF-8"?>
<segment>
    <name>PCE</name>
    <description>Exception Segment</description>
    <elements>
        <field minOccurs="1" maxOccurs="0">
            <name>PCE.1</name>
            <description>Position ID</description>
            <datatype>CX</datatype>
        </field>
        <field minOccurs="1" maxOccurs="0">
            <name>PCE.2</name>
            <description>ExceptionType</description>
            <datatype>ST</datatype>
        </field>
        <field minOccurs="1" maxOccurs="0">
            <name>PCE.3</name>
            <description>Value</description>
            <datatype>ST</datatype>
        </field>
        <field minOccurs="1" maxOccurs="0">
            <name>PCE.4</name>
            <description>SourceID</description>
            <datatype>ST</datatype>
        </field>
        <field minOccurs="1" maxOccurs="0">
            <name>PCE.5</name>
            <description>Recommendation</description>
            <datatype>ST</datatype>
        </field>
        <field minOccurs="1" maxOccurs="0">
            <name>PCE.6</name>
            <description>Revised By</description>
            <datatype>PPN</datatype>
        </field>
    </elements>
</segment>
