<?xml version="1.0" encoding="UTF-8"?>
<segment>
    <name>PCO</name>
    <description>Office Information Segment</description>
    <elements>
        <field minOccurs="1" maxOccurs="0">
            <name>PCO.1</name>
            <description>Office ID (internal)</description>
            <datatype>XON</datatype>
        </field>
        <field minOccurs="0" maxOccurs="0">
            <name>PCO.2</name>
            <description>External ID</description>
            <datatype>CX</datatype>
        </field>
        <field minOccurs="0" maxOccurs="0">
            <name>PCO.3</name>
            <description>Classification ID</description>
            <datatype>IS</datatype>
        </field>
        <field minOccurs="0" maxOccurs="0">
            <name>PCO.4</name>
            <description>Office Manager</description>
            <datatype>XPN</datatype>
        </field>
        <field minOccurs="0" maxOccurs="0">
            <name>PCO.5</name>
            <description>CLIA Certification Number</description>
            <datatype>ST</datatype>
        </field>
        <field minOccurs="0" maxOccurs="0">
            <name>PCO.6</name>
            <description>CLIA expiration date</description>
            <datatype>DT</datatype>
        </field>
        <field minOccurs="0" maxOccurs="0">
            <name>PCO.7</name>
            <description>Office review date</description>
            <datatype>DT</datatype>
        </field>
        <field minOccurs="0" maxOccurs="0">
            <name>PCO.8</name>
            <description>Is CLIA wavier</description>
            <datatype>ST</datatype>
        </field>
        <field minOccurs="0" maxOccurs="0">
            <name>PCO.9</name>
            <description>Is solo</description>
            <datatype>ST</datatype>
        </field>
        <field minOccurs="0" maxOccurs="0">
            <name>PCO.10</name>
            <description>Is primary</description>
            <datatype>ST</datatype>
        </field>
        <field minOccurs="0" maxOccurs="0">
            <name>PCO.11</name>
            <description>Has handicap access</description>
            <datatype>ST</datatype>
        </field>
        <field minOccurs="0" maxOccurs="0">
            <name>PCO.12</name>
            <description>Is phone 24 hours</description>
            <datatype>ST</datatype>
        </field>
        <field minOccurs="0" maxOccurs="0">
            <name>PCO.13</name>
            <description>Date joined</description>
            <datatype>DT</datatype>
        </field>
        <field minOccurs="1" maxOccurs="unbounded">
            <name>PCO.14</name>
            <description>Address</description>
            <datatype>XAD</datatype>
        </field>
        <field minOccurs="1" maxOccurs="unbounded">
            <name>PCO.15</name>
            <description>Phone</description>
            <datatype>XTN</datatype>
        </field>
        <field minOccurs="0" maxOccurs="unbounded">
            <name>PCO.16</name>
            <description>Fax</description>
            <datatype>XTN</datatype>
        </field>
        <field minOccurs="0" maxOccurs="0">
            <name>PCO.17</name>
            <description>Comment</description>
            <datatype>ST</datatype>
        </field>
        <field minOccurs="0" maxOccurs="0">
            <name>PCO.18</name>
            <description>Standing ID</description>
            <datatype>IS</datatype>
        </field>
        <field minOccurs="0" maxOccurs="unbounded">
            <name>PCO.19</name>
            <description>Practicing Specialties</description>
            <datatype>IS</datatype>
        </field>
        <field minOccurs="0" maxOccurs="unbounded">
            <name>PCO.20</name>
            <description>Office Hours</description>
            <datatype>OH</datatype>
        </field>
        <field minOccurs="0" maxOccurs="unbounded">
            <name>PCO.21</name>
            <description>Provider Type</description>
            <datatype>IS</datatype>
        </field>
        <field minOccurs="0" maxOccurs="0">
            <name>PCO.22</name>
            <description>Line of Business</description>
            <datatype>IS</datatype>
        </field>
        <field minOccurs="0" maxOccurs="0">
            <name>PCO.23</name>
            <description>Revised By</description>
            <datatype>PPN</datatype>
        </field>
        <field minOccurs="0" maxOccurs="0">
            <name>PCO.24</name>
            <description>Electronic Claims</description>
            <datatype>ST</datatype>
        </field>
        <field minOccurs="0" maxOccurs="0">
            <name>PCO.25</name>
            <description>Accepting Patients</description>
            <datatype>ST</datatype>
        </field>
        <field minOccurs="0" maxOccurs="0">
            <name>PCO.26</name>
            <description>Assistant Present</description>
            <datatype>ST</datatype>
        </field>
        <field minOccurs="0" maxOccurs="0">
            <name>PCO.27</name>
            <description>Surgery</description>
            <datatype>ST</datatype>
        </field>
        <field minOccurs="0" maxOccurs="0">
            <name>PCO.28</name>
            <description>Anesthesia Class</description>
            <datatype>ST</datatype>
        </field>
        <field minOccurs="0" maxOccurs="unbounded">
            <name>PCO.29</name>
            <description>Office Languages</description>
            <datatype>ST</datatype>
        </field>
        <field minOccurs="0" maxOccurs="0">
            <name>PCO.30</name>
            <description>AgeLimitation</description>
            <datatype>ST</datatype>
        </field>
        <field minOccurs="0" maxOccurs="0">
            <name>PCO.31</name>
            <description>AgeComment</description>
            <datatype>ST</datatype>
        </field>
        <field minOccurs="0" maxOccurs="0">
            <name>PCO.32</name>
            <description>ConfidentialFax</description>
            <datatype>ST</datatype>
        </field>
        <field minOccurs="0" maxOccurs="0">
            <name>PCO.33</name>
            <description>BillingAddress</description>
            <datatype>XAD</datatype>
        </field>
        <field minOccurs="0" maxOccurs="0">
            <name>PCO.34</name>
            <description>BillingPhone</description>
            <datatype>XTN</datatype>
        </field>
        <field minOccurs="0" maxOccurs="0">
            <name>PCO.35</name>
            <description>BillingFax</description>
            <datatype>XTN</datatype>
        </field>
        <field minOccurs="0" maxOccurs="0">
            <name>PCO.36</name>
            <description>CorrespondenceAddress</description>
            <datatype>XAD</datatype>
        </field>
        <field minOccurs="0" maxOccurs="0">
            <name>PCO.37</name>
            <description>CorrespondencePhone</description>
            <datatype>XTN</datatype>
        </field>
        <field minOccurs="0" maxOccurs="0">
            <name>PCO.38</name>
            <description>CorrespondenceFax</description>
            <datatype>XTN</datatype>
        </field>
    </elements>
</segment>
