<?xml version="1.0" encoding="UTF-8"?>
<segment>
    <name>PCA</name>
    <description>Affiliation Information Segment</description>
    <elements>
        <field minOccurs="1" maxOccurs="0">
            <name>PCA.1</name>
            <description>Affiliation</description>
            <datatype>XON</datatype>
        </field>
        <field minOccurs="0" maxOccurs="0">
            <name>PCA.2</name>
            <description>External ID</description>
            <datatype>CX</datatype>
        </field>
        <field minOccurs="0" maxOccurs="0">
            <name>PCA.3</name>
            <description>Address</description>
            <datatype>XAD</datatype>
        </field>
        <field minOccurs="0" maxOccurs="0">
            <name>PCA.4</name>
            <description>Phone</description>
            <datatype>XTN</datatype>
        </field>
        <field minOccurs="0" maxOccurs="0">
            <name>PCA.5</name>
            <description>Fax</description>
            <datatype>XTN</datatype>
        </field>
        <field minOccurs="0" maxOccurs="0">
            <name>PCA.6</name>
            <description>Revised By</description>
            <datatype>PPN</datatype>
        </field>
        <field minOccurs="0" maxOccurs="0">
            <name>PCA.7</name>
            <description>Comment</description>
            <datatype>ST</datatype>
        </field>
        <field minOccurs="1" maxOccurs="0">
            <name>PCA.8</name>
            <description>Standing</description>
            <datatype>IS</datatype>
        </field>
        <field minOccurs="0" maxOccurs="0">
            <name>PCA.9</name>
            <description>Date Joined</description>
            <datatype>DT</datatype>
        </field>
    </elements>
</segment>
