<?xml version="1.0" encoding="UTF-8"?>
<segment>
    <name>PCM</name>
    <description>Malpractice Information Segment</description>
    <elements>
        <field minOccurs="1" maxOccurs="0">
            <name>PCM.1</name>
            <description>Issuer</description>
            <datatype>XON</datatype>
        </field>
        <field minOccurs="0" maxOccurs="0">
            <name>PCM.2</name>
            <description>External ID</description>
            <datatype>CX</datatype>
        </field>
        <field minOccurs="0" maxOccurs="0">
            <name>PCM.3</name>
            <description>Insuree</description>
            <datatype>XON</datatype>
        </field>
        <field minOccurs="1" maxOccurs="0">
            <name>PCM.4</name>
            <description>Policy Number</description>
            <datatype>ST</datatype>
        </field>
        <field minOccurs="1" maxOccurs="0">
            <name>PCM.5</name>
            <description>Insurance Type</description>
            <datatype>ST</datatype>
        </field>
        <field minOccurs="0" maxOccurs="0">
            <name>PCM.6</name>
            <description>Effective Dates</description>
            <datatype>DR</datatype>
        </field>
        <field minOccurs="0" maxOccurs="0">
            <name>PCM.7</name>
            <description>Retroactive Date</description>
            <datatype>DT</datatype>
        </field>
        <field minOccurs="0" maxOccurs="0">
            <name>PCM.8</name>
            <description>Aggregate Limit</description>
            <datatype>MO</datatype>
        </field>
        <field minOccurs="0" maxOccurs="0">
            <name>PCM.9</name>
            <description>Claim Limit</description>
            <datatype>MO</datatype>
        </field>
        <field minOccurs="0" maxOccurs="0">
            <name>PCM.10</name>
            <description>Umbrella Limit</description>
            <datatype>MO</datatype>
        </field>
        <field minOccurs="0" maxOccurs="0">
            <name>PCM.11</name>
            <description>Is Certificate Holder</description>
            <datatype>ST</datatype>
        </field>
        <field minOccurs="0" maxOccurs="0">
            <name>PCM.12</name>
            <description>Year With</description>
            <datatype>DT</datatype>
        </field>
        <field minOccurs="0" maxOccurs="0">
            <name>PCM.13</name>
            <description>Address</description>
            <datatype>XAD</datatype>
        </field>
        <field minOccurs="0" maxOccurs="0">
            <name>PCM.14</name>
            <description>Phone</description>
            <datatype>XTN</datatype>
        </field>
        <field minOccurs="0" maxOccurs="0">
            <name>PCM.15</name>
            <description>Revised By</description>
            <datatype>PPN</datatype>
        </field>
        <field minOccurs="0" maxOccurs="0">
            <name>PCM.16</name>
            <description>Comment</description>
            <datatype>ST</datatype>
        </field>
        <field minOccurs="1" maxOccurs="0">
            <name>PCM.17</name>
            <description>Standing</description>
            <datatype>IS</datatype>
        </field>
    </elements>
</segment>
