<?xml version="1.0" encoding="UTF-8"?>
<segment>
    <name>RXO</name>
    <description>Pharmacy/Treatment prescription order</description>
    <elements>
        <field minOccurs="1" maxOccurs="0">
            <name>RXO.1</name>
            <description>Requested Give Code</description>
            <datatype>CE</datatype>
        </field>
        <field minOccurs="1" maxOccurs="0">
            <name>RXO.2</name>
            <description>Requested Give Amount - Minimum</description>
            <datatype>NM</datatype>
        </field>
        <field minOccurs="0" maxOccurs="0">
            <name>RXO.3</name>
            <description>Requested Give Amount - Maximum</description>
            <datatype>NM</datatype>
        </field>
        <field minOccurs="1" maxOccurs="0">
            <name>RXO.4</name>
            <description>Requested Give Units</description>
            <datatype>CE</datatype>
        </field>
        <field minOccurs="0" maxOccurs="0">
            <name>RXO.5</name>
            <description>Requested Dosage Form</description>
            <datatype>CE</datatype>
        </field>
        <field minOccurs="0" maxOccurs="0">
            <name>RXO.6</name>
            <description>Provider's Pharmacy/Treatment Instructions</description>
            <datatype>CE</datatype>
        </field>
        <field minOccurs="0" maxOccurs="0">
            <name>RXO.7</name>
            <description>Provider's Administration Instructions</description>
            <datatype>CE</datatype>
        </field>
        <field minOccurs="0" maxOccurs="0">
            <name>RXO.8</name>
            <description>Deliver-to Location</description>
            <datatype>CM</datatype>
        </field>
        <field minOccurs="0" maxOccurs="0">
            <name>RXO.9</name>
            <description>Allow Substitutions</description>
            <datatype>ID</datatype>
        </field>
        <field minOccurs="0" maxOccurs="0">
            <name>RXO.10</name>
            <description>Requested Dispense Code</description>
            <datatype>CE</datatype>
        </field>
        <field minOccurs="0" maxOccurs="0">
            <name>RXO.11</name>
            <description>Requested Dispense Amount</description>
            <datatype>NM</datatype>
        </field>
        <field minOccurs="0" maxOccurs="0">
            <name>RXO.12</name>
            <description>Requested Dispense Units</description>
            <datatype>CE</datatype>
        </field>
        <field minOccurs="0" maxOccurs="0">
            <name>RXO.13</name>
            <description>Number of Refills</description>
            <datatype>NM</datatype>
        </field>
        <field minOccurs="0" maxOccurs="0">
            <name>RXO.14</name>
            <description>Ordering Provider's DEA Number</description>
            <datatype>XCN</datatype>
        </field>
        <field minOccurs="0" maxOccurs="0">
            <name>RXO.15</name>
            <description>Pharmacist/Treatment Supplier's Verifier ID</description>
            <datatype>XCN</datatype>
        </field>
        <field minOccurs="0" maxOccurs="0">
            <name>RXO.16</name>
            <description>Needs Human Review</description>
            <datatype>ID</datatype>
        </field>
        <field minOccurs="0" maxOccurs="0">
            <name>RXO.17</name>
            <description>Requested Give Per (Time Unit)</description>
            <datatype>ST</datatype>
        </field>
        <field minOccurs="0" maxOccurs="0">
            <name>RXO.18</name>
            <description>Requested Give Strength</description>
            <datatype>NM</datatype>
        </field>
        <field minOccurs="0" maxOccurs="0">
            <name>RXO.19</name>
            <description>Requested Give Strength Units</description>
            <datatype>CE</datatype>
        </field>
        <field minOccurs="0" maxOccurs="0">
            <name>RXO.20</name>
            <description>Indication</description>
            <datatype>CE</datatype>
        </field>
        <field minOccurs="0" maxOccurs="0">
            <name>RXO.21</name>
            <description>Requested Give Rate Amount</description>
            <datatype>ST</datatype>
        </field>
        <field minOccurs="0" maxOccurs="0">
            <name>RXO.22</name>
            <description>Requested Give Rate Units</description>
            <datatype>CE</datatype>
        </field>
    </elements>
</segment>
