<?xml version="1.0" encoding="UTF-8"?>
<segment>
    <name>CDM</name>
    <description>Charge Description Master</description>
    <elements>
        <field minOccurs="1" maxOccurs="0">
            <name>CDM.1</name>
            <description>Primary Key Value</description>
            <datatype>CE</datatype>
        </field>
        <field minOccurs="0" maxOccurs="0">
            <name>CDM.2</name>
            <description>Charge Code Alias</description>
            <datatype>CE</datatype>
        </field>
        <field minOccurs="1" maxOccurs="0">
            <name>CDM.3</name>
            <description>Charge Description Short</description>
            <datatype>ST</datatype>
        </field>
        <field minOccurs="0" maxOccurs="0">
            <name>CDM.4</name>
            <description>Charge Description Long</description>
            <datatype>ST</datatype>
        </field>
        <field minOccurs="0" maxOccurs="0">
            <name>CDM.5</name>
            <description>Description Override Indicator</description>
            <datatype>IS</datatype>
        </field>
        <field minOccurs="0" maxOccurs="0">
            <name>CDM.6</name>
            <description>Exploding Charges</description>
            <datatype>CE</datatype>
        </field>
        <field minOccurs="0" maxOccurs="0">
            <name>CDM.7</name>
            <description>Procedure Code</description>
            <datatype>CE</datatype>
        </field>
        <field minOccurs="0" maxOccurs="0">
            <name>CDM.8</name>
            <description>Active/Inactive Indicator</description>
            <datatype>ID</datatype>
        </field>
        <field minOccurs="0" maxOccurs="0">
            <name>CDM.9</name>
            <description>Inventory Number</description>
            <datatype>CE</datatype>
        </field>
        <field minOccurs="0" maxOccurs="0">
            <name>CDM.10</name>
            <description>Resource Load</description>
            <datatype>NM</datatype>
        </field>
        <field minOccurs="0" maxOccurs="0">
            <name>CDM.11</name>
            <description>Contract Number</description>
            <datatype>CK</datatype>
        </field>
        <field minOccurs="0" maxOccurs="0">
            <name>CDM.12</name>
            <description>Contract Organization</description>
            <datatype>XON</datatype>
        </field>
        <field minOccurs="0" maxOccurs="0">
            <name>CDM.13</name>
            <description>Room Fee Indicator</description>
            <datatype>ID</datatype>
        </field>
    </elements>
</segment>
