<?xml version="1.0" encoding="UTF-8"?>
<segment>
    <name>RXG</name>
    <description>Pharmacy/Treatment give</description>
    <elements>
        <field minOccurs="1" maxOccurs="0">
            <name>RXG.1</name>
            <description>Give Sub-ID Counter</description>
            <datatype>NM</datatype>
        </field>
        <field minOccurs="0" maxOccurs="0">
            <name>RXG.2</name>
            <description>Dispense Sub-ID</description>
            <datatype>NM</datatype>
        </field>
        <field minOccurs="1" maxOccurs="0">
            <name>RXG.3</name>
            <description>Quantity/Timing</description>
            <datatype>TQ</datatype>
        </field>
        <field minOccurs="1" maxOccurs="0">
            <name>RXG.4</name>
            <description>Give Code</description>
            <datatype>CE</datatype>
        </field>
        <field minOccurs="1" maxOccurs="0">
            <name>RXG.5</name>
            <description>Give Amount - Minimum</description>
            <datatype>NM</datatype>
        </field>
        <field minOccurs="0" maxOccurs="0">
            <name>RXG.6</name>
            <description>Give Amount - Maximum</description>
            <datatype>NM</datatype>
        </field>
        <field minOccurs="1" maxOccurs="0">
            <name>RXG.7</name>
            <description>Give Units</description>
            <datatype>CE</datatype>
        </field>
        <field minOccurs="0" maxOccurs="0">
            <name>RXG.8</name>
            <description>Give Dosage Form</description>
            <datatype>CE</datatype>
        </field>
        <field minOccurs="0" maxOccurs="0">
            <name>RXG.9</name>
            <description>Administration Notes</description>
            <datatype>CE</datatype>
        </field>
        <field minOccurs="0" maxOccurs="0">
            <name>RXG.10</name>
            <description>Substitution Status</description>
            <datatype>ID</datatype>
        </field>
        <field minOccurs="0" maxOccurs="0">
            <name>RXG.11</name>
            <description>Dispense-to Location</description>
            <datatype>CM</datatype>
        </field>
        <field minOccurs="0" maxOccurs="0">
            <name>RXG.12</name>
            <description>Needs Human Review</description>
            <datatype>ID</datatype>
        </field>
        <field minOccurs="0" maxOccurs="0">
            <name>RXG.13</name>
            <description>Pharmacy/Treatment Supplier's Special Administration Instructions</description>
            <datatype>CE</datatype>
        </field>
        <field minOccurs="0" maxOccurs="0">
            <name>RXG.14</name>
            <description>Give Per (Time Unit)</description>
            <datatype>ST</datatype>
        </field>
        <field minOccurs="0" maxOccurs="0">
            <name>RXG.15</name>
            <description>Give Rate Amount</description>
            <datatype>ST</datatype>
        </field>
        <field minOccurs="0" maxOccurs="0">
            <name>RXG.16</name>
            <description>Give Rate Units</description>
            <datatype>CE</datatype>
        </field>
        <field minOccurs="0" maxOccurs="0">
            <name>RXG.17</name>
            <description>Give Strength</description>
            <datatype>NM</datatype>
        </field>
        <field minOccurs="0" maxOccurs="0">
            <name>RXG.18</name>
            <description>Give Strength Units</description>
            <datatype>CE</datatype>
        </field>
        <field minOccurs="0" maxOccurs="0">
            <name>RXG.19</name>
            <description>Substance Lot Number</description>
            <datatype>ST</datatype>
        </field>
        <field minOccurs="0" maxOccurs="0">
            <name>RXG.20</name>
            <description>Substance Expiration Date</description>
            <datatype>TS</datatype>
        </field>
        <field minOccurs="0" maxOccurs="0">
            <name>RXG.21</name>
            <description>Substance Manufacturer Name</description>
            <datatype>CE</datatype>
        </field>
        <field minOccurs="0" maxOccurs="0">
            <name>RXG.22</name>
            <description>Indication</description>
            <datatype>CE</datatype>
        </field>
    </elements>
</segment>
