<?xml version="1.0" encoding="UTF-8"?>
<segment>
    <name>EQL</name>
    <description>Embedded Query Language</description>
    <elements>
        <field minOccurs="0" maxOccurs="0">
            <name>EQL.1</name>
            <description>Query Tag</description>
            <datatype>ST</datatype>
        </field>
        <field minOccurs="1" maxOccurs="0">
            <name>EQL.2</name>
            <description>Query/Response Format Code</description>
            <datatype>ID</datatype>
        </field>
        <field minOccurs="1" maxOccurs="0">
            <name>EQL.3</name>
            <description>EQL Query Name</description>
            <datatype>CE</datatype>
        </field>
        <field minOccurs="1" maxOccurs="0">
            <name>EQL.4</name>
            <description>EQL Query Statement</description>
            <datatype>ST</datatype>
        </field>
    </elements>
</segment>
