<?xml version="1.0" encoding="UTF-8"?>
<segment>
    <name>PRC</name>
    <description>Pricing</description>
    <elements>
        <field minOccurs="1" maxOccurs="0">
            <name>PRC.1</name>
            <description>Primary Key Value</description>
            <datatype>CE</datatype>
        </field>
        <field minOccurs="0" maxOccurs="0">
            <name>PRC.2</name>
            <description>Facility ID</description>
            <datatype>CE</datatype>
        </field>
        <field minOccurs="0" maxOccurs="0">
            <name>PRC.3</name>
            <description>Department</description>
            <datatype>CE</datatype>
        </field>
        <field minOccurs="0" maxOccurs="0">
            <name>PRC.4</name>
            <description>Valid Patient Classes</description>
            <datatype>IS</datatype>
        </field>
        <field minOccurs="0" maxOccurs="0">
            <name>PRC.5</name>
            <description>Price</description>
            <datatype>CP</datatype>
        </field>
        <field minOccurs="0" maxOccurs="0">
            <name>PRC.6</name>
            <description>Formula</description>
            <datatype>ST</datatype>
        </field>
        <field minOccurs="0" maxOccurs="0">
            <name>PRC.7</name>
            <description>Minimum Quantity</description>
            <datatype>NM</datatype>
        </field>
        <field minOccurs="0" maxOccurs="0">
            <name>PRC.8</name>
            <description>Maximum Quantity</description>
            <datatype>NM</datatype>
        </field>
        <field minOccurs="0" maxOccurs="0">
            <name>PRC.9</name>
            <description>Minimum Price</description>
            <datatype>MO</datatype>
        </field>
        <field minOccurs="0" maxOccurs="0">
            <name>PRC.10</name>
            <description>Maximum Price</description>
            <datatype>MO</datatype>
        </field>
        <field minOccurs="0" maxOccurs="0">
            <name>PRC.11</name>
            <description>Effective Start Date</description>
            <datatype>TS</datatype>
        </field>
        <field minOccurs="0" maxOccurs="0">
            <name>PRC.12</name>
            <description>Effective End Date</description>
            <datatype>TS</datatype>
        </field>
        <field minOccurs="0" maxOccurs="0">
            <name>PRC.13</name>
            <description>Price Override Flag</description>
            <datatype>IS</datatype>
        </field>
        <field minOccurs="0" maxOccurs="0">
            <name>PRC.14</name>
            <description>Billing Category</description>
            <datatype>CE</datatype>
        </field>
        <field minOccurs="0" maxOccurs="0">
            <name>PRC.15</name>
            <description>Chargeable Flag</description>
            <datatype>ID</datatype>
        </field>
        <field minOccurs="0" maxOccurs="0">
            <name>PRC.16</name>
            <description>Active/Inactive Flag</description>
            <datatype>ID</datatype>
        </field>
        <field minOccurs="0" maxOccurs="0">
            <name>PRC.17</name>
            <description>Cost</description>
            <datatype>MO</datatype>
        </field>
        <field minOccurs="0" maxOccurs="0">
            <name>PRC.18</name>
            <description>Charge On Indicator</description>
            <datatype>IS</datatype>
        </field>
    </elements>
</segment>
