<?xml version="1.0" encoding="UTF-8"?>
<segment>
    <name>PCL</name>
    <description>License Information Segment</description>
    <elements>
        <field minOccurs="1" maxOccurs="0">
            <name>PCL.1</name>
            <description>License Issuer</description>
            <datatype>XON</datatype>
        </field>
        <field minOccurs="0" maxOccurs="0">
            <name>PCL.2</name>
            <description>External ID</description>
            <datatype>CX</datatype>
        </field>
        <field minOccurs="1" maxOccurs="0">
            <name>PCL.3</name>
            <description>License Number</description>
            <datatype>ST</datatype>
        </field>
        <field minOccurs="1" maxOccurs="0">
            <name>PCL.4</name>
            <description>License Type</description>
            <datatype>IS</datatype>
        </field>
        <field minOccurs="0" maxOccurs="0">
            <name>PCL.5</name>
            <description>State</description>
            <datatype>ST</datatype>
        </field>
        <field minOccurs="0" maxOccurs="0">
            <name>PCL.6</name>
            <description>Expiration Date</description>
            <datatype>DT</datatype>
        </field>
        <field minOccurs="0" maxOccurs="0">
            <name>PCL.7</name>
            <description>In Force</description>
            <datatype>ST</datatype>
        </field>
        <field minOccurs="0" maxOccurs="0">
            <name>PCL.8</name>
            <description>Is Original</description>
            <datatype>ST</datatype>
        </field>
        <field minOccurs="0" maxOccurs="0">
            <name>PCL.9</name>
            <description>Supervision Required</description>
            <datatype>ST</datatype>
        </field>
        <field minOccurs="0" maxOccurs="0">
            <name>PCL.10</name>
            <description>Practice Under Other Provider</description>
            <datatype>ST</datatype>
        </field>
        <field minOccurs="0" maxOccurs="0">
            <name>PCL.11</name>
            <description>Initial License Date</description>
            <datatype>DT</datatype>
        </field>
        <field minOccurs="0" maxOccurs="0">
            <name>PCL.12</name>
            <description>Current License Date</description>
            <datatype>DT</datatype>
        </field>
        <field minOccurs="0" maxOccurs="0">
            <name>PCL.13</name>
            <description>Is Restricted</description>
            <datatype>ST</datatype>
        </field>
        <field minOccurs="0" maxOccurs="unbounded">
            <name>PCL.14</name>
            <description>Drug Schedule</description>
            <datatype>IS</datatype>
        </field>
        <field minOccurs="0" maxOccurs="0">
            <name>PCL.15</name>
            <description>UPIN</description>
            <datatype>ST</datatype>
        </field>
        <field minOccurs="0" maxOccurs="0">
            <name>PCL.16</name>
            <description>Revised By</description>
            <datatype>PPN</datatype>
        </field>
        <field minOccurs="0" maxOccurs="0">
            <name>PCL.17</name>
            <description>Comment</description>
            <datatype>ST</datatype>
        </field>
        <field minOccurs="1" maxOccurs="0">
            <name>PCL.18</name>
            <description>Standing</description>
            <datatype>IS</datatype>
        </field>
    </elements>
</segment>
