<?xml version="1.0" encoding="UTF-8"?>
<segment>
    <name>BHS</name>
    <description>Batch Header</description>
    <elements>
        <field minOccurs="1" maxOccurs="0">
            <name>BHS.1</name>
            <description>Batch Field Separator</description>
            <datatype>ST</datatype>
        </field>
        <field minOccurs="1" maxOccurs="0">
            <name>BHS.2</name>
            <description>Batch Encoding Characters</description>
            <datatype>ST</datatype>
        </field>
        <field minOccurs="0" maxOccurs="0">
            <name>BHS.3</name>
            <description>Batch Sending Application</description>
            <datatype>ST</datatype>
        </field>
        <field minOccurs="0" maxOccurs="0">
            <name>BHS.4</name>
            <description>Batch Sending Facility</description>
            <datatype>ST</datatype>
        </field>
        <field minOccurs="0" maxOccurs="0">
            <name>BHS.5</name>
            <description>Batch Receiving Application</description>
            <datatype>ST</datatype>
        </field>
        <field minOccurs="0" maxOccurs="0">
            <name>BHS.6</name>
            <description>Batch Receiving Facility</description>
            <datatype>ST</datatype>
        </field>
        <field minOccurs="0" maxOccurs="0">
            <name>BHS.7</name>
            <description>Batch Creation Date/Time</description>
            <datatype>TS</datatype>
        </field>
        <field minOccurs="0" maxOccurs="0">
            <name>BHS.8</name>
            <description>Batch Security</description>
            <datatype>ST</datatype>
        </field>
        <field minOccurs="0" maxOccurs="0">
            <name>BHS.9</name>
            <description>Batch Name/ID/Type</description>
            <datatype>ST</datatype>
        </field>
        <field minOccurs="0" maxOccurs="0">
            <name>BHS.10</name>
            <description>Batch Comment</description>
            <datatype>ST</datatype>
        </field>
        <field minOccurs="0" maxOccurs="0">
            <name>BHS.11</name>
            <description>Batch Control ID</description>
            <datatype>ST</datatype>
        </field>
        <field minOccurs="0" maxOccurs="0">
            <name>BHS.12</name>
            <description>Reference Batch Control ID</description>
            <datatype>ST</datatype>
        </field>
    </elements>
</segment>
