<?xml version="1.0" encoding="UTF-8"?>
<segment>
    <name>GOL</name>
    <description>Goal Detail</description>
    <elements>
        <field minOccurs="1" maxOccurs="0">
            <name>GOL.1</name>
            <description>Action Code</description>
            <datatype>ID</datatype>
        </field>
        <field minOccurs="1" maxOccurs="0">
            <name>GOL.2</name>
            <description>Action Date/Time</description>
            <datatype>TS</datatype>
        </field>
        <field minOccurs="1" maxOccurs="0">
            <name>GOL.3</name>
            <description>Goal ID</description>
            <datatype>CE</datatype>
        </field>
        <field minOccurs="1" maxOccurs="0">
            <name>GOL.4</name>
            <description>Goal Instance ID</description>
            <datatype>EI</datatype>
        </field>
        <field minOccurs="0" maxOccurs="0">
            <name>GOL.5</name>
            <description>Episode of Care ID</description>
            <datatype>EI</datatype>
        </field>
        <field minOccurs="0" maxOccurs="0">
            <name>GOL.6</name>
            <description>Goal List Priority</description>
            <datatype>NM</datatype>
        </field>
        <field minOccurs="0" maxOccurs="0">
            <name>GOL.7</name>
            <description>Goal Established Date/Time</description>
            <datatype>TS</datatype>
        </field>
        <field minOccurs="0" maxOccurs="0">
            <name>GOL.8</name>
            <description>Expected Goal Achievement Date/Time</description>
            <datatype>TS</datatype>
        </field>
        <field minOccurs="0" maxOccurs="0">
            <name>GOL.9</name>
            <description>Goal Classification</description>
            <datatype>CE</datatype>
        </field>
        <field minOccurs="0" maxOccurs="0">
            <name>GOL.10</name>
            <description>Goal Management Discipline</description>
            <datatype>CE</datatype>
        </field>
        <field minOccurs="0" maxOccurs="0">
            <name>GOL.11</name>
            <description>Current Goal Review Status</description>
            <datatype>CE</datatype>
        </field>
        <field minOccurs="0" maxOccurs="0">
            <name>GOL.12</name>
            <description>Current Goal Review Date/Time</description>
            <datatype>TS</datatype>
        </field>
        <field minOccurs="0" maxOccurs="0">
            <name>GOL.13</name>
            <description>Next Goal Review Date/Time</description>
            <datatype>TS</datatype>
        </field>
        <field minOccurs="0" maxOccurs="0">
            <name>GOL.14</name>
            <description>Previous Goal Review Date/Time</description>
            <datatype>TS</datatype>
        </field>
        <field minOccurs="0" maxOccurs="0">
            <name>GOL.15</name>
            <description>Goal Review Interval</description>
            <datatype>TQ</datatype>
        </field>
        <field minOccurs="0" maxOccurs="0">
            <name>GOL.16</name>
            <description>Goal Evaluation</description>
            <datatype>CE</datatype>
        </field>
        <field minOccurs="0" maxOccurs="0">
            <name>GOL.17</name>
            <description>Goal Evaluation Comment</description>
            <datatype>ST</datatype>
        </field>
        <field minOccurs="0" maxOccurs="0">
            <name>GOL.18</name>
            <description>Goal Life Cycle Status</description>
            <datatype>CE</datatype>
        </field>
        <field minOccurs="0" maxOccurs="0">
            <name>GOL.19</name>
            <description>Goal Life Cycle Status Date/Time</description>
            <datatype>TS</datatype>
        </field>
        <field minOccurs="0" maxOccurs="0">
            <name>GOL.20</name>
            <description>Goal Target Type</description>
            <datatype>CE</datatype>
        </field>
        <field minOccurs="0" maxOccurs="0">
            <name>GOL.21</name>
            <description>Goal Target Name</description>
            <datatype>XPN</datatype>
        </field>
    </elements>
</segment>
