<?xml version="1.0" encoding="UTF-8"?>
<segment>
    <name>ROL</name>
    <description>Role</description>
    <elements>
        <field minOccurs="1" maxOccurs="0">
            <name>ROL.1</name>
            <description>Role Instance ID</description>
            <datatype>EI</datatype>
        </field>
        <field minOccurs="1" maxOccurs="0">
            <name>ROL.2</name>
            <description>Action Code</description>
            <datatype>ID</datatype>
        </field>
        <field minOccurs="1" maxOccurs="0">
            <name>ROL.3</name>
            <description>Role</description>
            <datatype>CE</datatype>
        </field>
        <field minOccurs="1" maxOccurs="0">
            <name>ROL.4</name>
            <description>Role Person</description>
            <datatype>XCN</datatype>
        </field>
        <field minOccurs="0" maxOccurs="0">
            <name>ROL.5</name>
            <description>Role Begin Date/Time</description>
            <datatype>TS</datatype>
        </field>
        <field minOccurs="0" maxOccurs="0">
            <name>ROL.6</name>
            <description>Role End Date/Time</description>
            <datatype>TS</datatype>
        </field>
        <field minOccurs="0" maxOccurs="0">
            <name>ROL.7</name>
            <description>Role Duration</description>
            <datatype>CE</datatype>
        </field>
        <field minOccurs="0" maxOccurs="0">
            <name>ROL.8</name>
            <description>Role Action Reason</description>
            <datatype>CE</datatype>
        </field>
    </elements>
</segment>
