<?xml version="1.0" encoding="UTF-8"?>
<segment>
    <name>PCC</name>
    <description>Conflict of Information Segment</description>
    <elements>
        <field minOccurs="1" maxOccurs="0">
            <name>PCC.1</name>
            <description>Party</description>
            <datatype>XON</datatype>
        </field>
        <field minOccurs="0" maxOccurs="0">
            <name>PCC.2</name>
            <description>External ID</description>
            <datatype>CX</datatype>
        </field>
        <field minOccurs="0" maxOccurs="0">
            <name>PCC.3</name>
            <description>Description</description>
            <datatype>ST</datatype>
        </field>
        <field minOccurs="0" maxOccurs="0">
            <name>PCC.4</name>
            <description>Nature</description>
            <datatype>ST</datatype>
        </field>
        <field minOccurs="0" maxOccurs="0">
            <name>PCC.5</name>
            <description>Size</description>
            <datatype>ST</datatype>
        </field>
        <field minOccurs="0" maxOccurs="0">
            <name>PCC.6</name>
            <description>Conflict</description>
            <datatype>ST</datatype>
        </field>
        <field minOccurs="0" maxOccurs="0">
            <name>PCC.7</name>
            <description>Address</description>
            <datatype>XAD</datatype>
        </field>
        <field minOccurs="0" maxOccurs="0">
            <name>PCC.8</name>
            <description>Phone</description>
            <datatype>XTN</datatype>
        </field>
        <field minOccurs="0" maxOccurs="0">
            <name>PCC.9</name>
            <description>Comment</description>
            <datatype>ST</datatype>
        </field>
        <field minOccurs="1" maxOccurs="0">
            <name>PCC.10</name>
            <description>Standing</description>
            <datatype>IS</datatype>
        </field>
        <field minOccurs="0" maxOccurs="0">
            <name>PCC.11</name>
            <description>Revised By</description>
            <datatype>PPN</datatype>
        </field>
    </elements>
</segment>
