<?xml version="1.0" encoding="UTF-8"?>
<segment>
    <name>NR</name>
    <description>Wertebereich</description>
    <elements>
        <field minOccurs="0" maxOccurs="0">
            <name>NR.1</name>
            <description>Low Value</description>
            <datatype>NM</datatype>
        </field>
        <field minOccurs="0" maxOccurs="0">
            <name>NR.2</name>
            <description>High Value</description>
            <datatype>NM</datatype>
        </field>
    </elements>
</segment>
