<?xml version="1.0" encoding="UTF-8"?>
<segment>
    <name>PEN</name>
    <description>Penalty</description>
    <elements>
        <field minOccurs="0" maxOccurs="0">
            <name>PEN.1</name>
            <description>Penalty Type</description>
            <datatype>IS</datatype>
        </field>
        <field minOccurs="0" maxOccurs="0">
            <name>PEN.2</name>
            <description>Penalty Amount</description>
            <datatype>NM</datatype>
        </field>
    </elements>
</segment>
