<?xml version="1.0" encoding="UTF-8"?>
<segment>
    <name>DLD</name>
    <description>Discharge Location</description>
    <elements>
        <field minOccurs="0" maxOccurs="0">
            <name>DLD.1</name>
            <description>Discharge Location</description>
            <datatype>ID</datatype>
        </field>
        <field minOccurs="0" maxOccurs="0">
            <name>DLD.2</name>
            <description>Effective Date</description>
            <datatype>TS</datatype>
        </field>
    </elements>
</segment>
