<?xml version="1.0" encoding="UTF-8"?>
<segment>
    <name>CN</name>
    <description>Composite ID Number and Name</description>
    <elements>
        <field minOccurs="0" maxOccurs="0">
            <name>CN.1</name>
            <description>ID Number (ST)</description>
            <datatype>ST</datatype>
        </field>
        <field minOccurs="0" maxOccurs="0">
            <name>CN.2</name>
            <description>Family Name</description>
            <datatype>FN</datatype>
        </field>
        <field minOccurs="0" maxOccurs="0">
            <name>CN.3</name>
            <description>Given Name</description>
            <datatype>ST</datatype>
        </field>
        <field minOccurs="0" maxOccurs="0">
            <name>CN.4</name>
            <description>Second and Further Given Names or Initials Thereof</description>
            <datatype>ST</datatype>
        </field>
        <field minOccurs="0" maxOccurs="0">
            <name>CN.5</name>
            <description>Suffix</description>
            <datatype>ST</datatype>
        </field>
        <field minOccurs="0" maxOccurs="0">
            <name>CN.6</name>
            <description>Prefix</description>
            <datatype>ST</datatype>
        </field>
        <field minOccurs="0" maxOccurs="0">
            <name>CN.7</name>
            <description>Degree</description>
            <datatype>IS</datatype>
        </field>
        <field minOccurs="0" maxOccurs="0">
            <name>CN.8</name>
            <description>Source Table</description>
            <datatype>IS</datatype>
        </field>
        <field minOccurs="0" maxOccurs="0">
            <name>CN.9</name>
            <description>Assigning Authority</description>
            <datatype>HD</datatype>
        </field>
    </elements>
</segment>
