<?xml version="1.0" encoding="UTF-8"?>
<message>
    <name>DSRQ03</name>
    <description>Deferred Response to a Query</description>
    <segments>
        <segment>MSH</segment>
        <segment minOccurs="0">MSA</segment>
        <segment minOccurs="0">ERR</segment>
        <segment minOccurs="0">QAK</segment>
        <segment>QRD</segment>
        <segment minOccurs="0">QRF</segment>
        <segment maxOccurs="unbounded">DSP</segment>
        <segment minOccurs="0">DSC</segment>
    </segments>
</message>
