<?xml version="1.0" encoding="UTF-8"?>
<message>
    <name>ADTA03</name>
    <description>Discharge/End Visit</description>
    <segments>
        <segment>MSH</segment>
        <segment>EVN</segment>
        <segment>PID</segment>
        <segment minOccurs="0">PD1</segment>
        <segment minOccurs="0" maxOccurs="unbounded">ROL</segment>
        <segment>PV1</segment>
        <segment minOccurs="0">PV2</segment>
        <segment minOccurs="0" maxOccurs="unbounded">ROL</segment>
        <segment minOccurs="0" maxOccurs="unbounded">DB1</segment>
        <segment minOccurs="0" maxOccurs="unbounded">DG1</segment>
        <segment minOccurs="0">DRG</segment>
        <group maxOccurs="unbounded" minOccurs="0" name="PROCEDURE">
            <segment>PR1</segment>
            <segment minOccurs="0" maxOccurs="unbounded">ROL</segment>
        </group>
        <segment minOccurs="0" maxOccurs="unbounded">OBX</segment>
        <segment minOccurs="0">PDA</segment>
    </segments>
</message>
