<?xml version="1.0" encoding="UTF-8"?>
<message>
    <name>ORMO01</name>
    <description>Order Message</description>
    <segments>
        <segment>MSH</segment>
        <segment minOccurs="0" maxOccurs="unbounded">NTE</segment>
        <group minOccurs="0">
            <segment>PID</segment>
            <segment minOccurs="0">PD1</segment>
            <segment minOccurs="0" maxOccurs="unbounded">NTE</segment>
            <group minOccurs="0">
                <segment>PV1</segment>
                <segment minOccurs="0">PV2</segment>
            </group>
            <group maxOccurs="unbounded" minOccurs="0">
                <segment>IN1</segment>
                <segment minOccurs="0">IN2</segment>
                <segment minOccurs="0">IN3</segment>
            </group>
            <segment minOccurs="0">GT1</segment>
            <segment minOccurs="0" maxOccurs="unbounded">AL1</segment>
        </group>
        <group maxOccurs="unbounded">
            <segment>ORC</segment>
            <group minOccurs="0">
                <segment>RQ1</segment>
                <segment>RXO</segment>
                <segment minOccurs="0" maxOccurs="unbounded">NTE</segment>
                <segment minOccurs="0">CTD</segment>
                <segment minOccurs="0" maxOccurs="unbounded">DG1</segment>
                <group maxOccurs="unbounded" minOccurs="0">
                    <segment>OBX</segment>
                    <segment minOccurs="0" maxOccurs="unbounded">NTE</segment>
                </group>
            </group>
            <segment minOccurs="0" maxOccurs="unbounded">FT1</segment>
            <segment minOccurs="0" maxOccurs="unbounded">CTI</segment>
            <segment minOccurs="0">BLG</segment>
        </group>
    </segments>
</message>
