<?xml version="1.0" encoding="UTF-8"?>
<message>
    <name>VXUV04</name>
    <description>Unsolicited Vaccination Record Update</description>
    <segments>
        <segment>MSH</segment>
        <segment>PID</segment>
        <segment minOccurs="0">PD1</segment>
        <segment minOccurs="0" maxOccurs="unbounded">NK1</segment>
        <group minOccurs="0">
            <segment>PV1</segment>
            <segment minOccurs="0">PV2</segment>
        </group>
        <segment minOccurs="0" maxOccurs="unbounded">GT1</segment>
        <group maxOccurs="unbounded" minOccurs="0">
            <segment>IN1</segment>
            <segment minOccurs="0">IN2</segment>
            <segment minOccurs="0">IN3</segment>
        </group>
        <group maxOccurs="unbounded" minOccurs="0">
            <segment minOccurs="0">ORC</segment>
            <segment>RXA</segment>
            <segment minOccurs="0">RXR</segment>
            <group maxOccurs="unbounded" minOccurs="0">
                <segment>OBX</segment>
                <segment minOccurs="0" maxOccurs="unbounded">NTE</segment>
            </group>
        </group>
    </segments>
</message>
