<?xml version="1.0" encoding="UTF-8"?>
<message>
    <name>NMRN01</name>
    <description>Application Management Query Message - Response</description>
    <segments>
        <segment>MSH</segment>
        <segment>MSA</segment>
        <segment minOccurs="0">ERR</segment>
        <segment minOccurs="0">QRD</segment>
        <group maxOccurs="unbounded">
            <group minOccurs="0">
                <segment>NCK</segment>
                <segment minOccurs="0" maxOccurs="unbounded">NTE</segment>
            </group>
            <group minOccurs="0">
                <segment>NST</segment>
                <segment minOccurs="0" maxOccurs="unbounded">NTE</segment>
            </group>
            <group minOccurs="0">
                <segment>NSC</segment>
                <segment minOccurs="0" maxOccurs="unbounded">NTE</segment>
            </group>
        </group>
    </segments>
</message>
