<?xml version="1.0" encoding="UTF-8"?>
<message>
    <name>ORDO04</name>
    <description>Diet Order Acknowledgement - Response</description>
    <segments>
        <segment>MSH</segment>
        <segment>MSA</segment>
        <segment minOccurs="0">ERR</segment>
        <segment minOccurs="0" maxOccurs="unbounded">NTE</segment>
        <group minOccurs="0">
            <group minOccurs="0">
                <segment>PID</segment>
                <segment minOccurs="0" maxOccurs="unbounded">NTE</segment>
            </group>
            <group maxOccurs="unbounded">
                <segment>ORC</segment>
                <segment minOccurs="0" maxOccurs="unbounded">ODS</segment>
                <segment minOccurs="0" maxOccurs="unbounded">NTE</segment>
            </group>
            <group maxOccurs="unbounded" minOccurs="0">
                <segment>ORC</segment>
                <segment minOccurs="0" maxOccurs="unbounded">ODT</segment>
                <segment minOccurs="0" maxOccurs="unbounded">NTE</segment>
            </group>
        </group>
    </segments>
</message>
