<?xml version="1.0" encoding="UTF-8"?>
<message>
    <name>ORLO22</name>
    <description>General Laboratory Order Acknowledgment Message - Response</description>
    <segments>
        <segment>MSH</segment>
        <segment>MSA</segment>
        <segment minOccurs="0">ERR</segment>
        <segment minOccurs="0" maxOccurs="unbounded">NTE</segment>
        <group maxOccurs="unbounded" minOccurs="0">
            <segment>PID</segment>
            <group maxOccurs="unbounded">
                <group minOccurs="0">
                    <segment>SAC</segment>
                    <segment minOccurs="0" maxOccurs="unbounded">OBX</segment>
                </group>
                <group maxOccurs="unbounded" minOccurs="0">
                    <segment>ORC</segment>
                    <group minOccurs="0">
                        <segment>OBR</segment>
                        <segment minOccurs="0" maxOccurs="unbounded">SAC</segment>
                    </group>
                </group>
            </group>
        </group>
    </segments>
</message>
