<?xml version="1.0" encoding="UTF-8"?>
<message>
    <name>PMUB02</name>
    <description>Update Personnel Record</description>
    <segments>
        <segment>MSH</segment>
        <segment>EVN</segment>
        <segment>STF</segment>
        <segment minOccurs="0">PRA</segment>
        <segment minOccurs="0">ORG</segment>
        <segment minOccurs="0">AFF</segment>
        <segment minOccurs="0">LAN</segment>
        <segment minOccurs="0">EDU</segment>
    </segments>
</message>
