<?xml version="1.0" encoding="UTF-8"?>
<message>
    <name>MFNM08</name>
    <description>Test/Observation (numeric) Master File</description>
    <segments>
        <segment>MSH</segment>
        <segment>MFI</segment>
        <group maxOccurs="unbounded">
            <segment>MFE</segment>
            <segment>OM1</segment>
            <segment minOccurs="0">OM2</segment>
            <segment minOccurs="0">OM3</segment>
            <segment minOccurs="0">OM4</segment>
        </group>
    </segments>
</message>
