<?xml version="1.0" encoding="UTF-8"?>
<message>
    <name>OMLO21</name>
    <description>Laboratory Order</description>
    <segments>
        <segment>MSH</segment>
        <segment minOccurs="0" maxOccurs="unbounded">NTE</segment>
        <group minOccurs="0">
            <segment>PID</segment>
            <segment minOccurs="0">PD1</segment>
            <segment minOccurs="0" maxOccurs="unbounded">NTE</segment>
            <group minOccurs="0">
                <segment>PV1</segment>
                <segment minOccurs="0">PV2</segment>
            </group>
            <group maxOccurs="unbounded" minOccurs="0">
                <segment>IN1</segment>
                <segment minOccurs="0">IN2</segment>
                <segment minOccurs="0">IN3</segment>
            </group>
            <segment minOccurs="0">GT1</segment>
            <segment minOccurs="0" maxOccurs="unbounded">AL1</segment>
        </group>
        <group maxOccurs="unbounded">
            <group minOccurs="0">
                <segment>SAC</segment>
                <segment minOccurs="0" maxOccurs="unbounded">OBX</segment>
            </group>
            <group maxOccurs="unbounded">
                <segment>ORC</segment>
                <group minOccurs="0">
                    <segment>OBR</segment>
                    <group maxOccurs="unbounded" minOccurs="0">
                        <segment>SAC</segment>
                        <segment minOccurs="0" maxOccurs="unbounded">OBX</segment>
                    </group>
                    <segment minOccurs="0">TCD</segment>
                    <segment minOccurs="0" maxOccurs="unbounded">NTE</segment>
                    <segment minOccurs="0" maxOccurs="unbounded">DG1</segment>
                    <group maxOccurs="unbounded" minOccurs="0">
                        <segment>OBX</segment>
                        <segment minOccurs="0">TCD</segment>
                        <segment minOccurs="0" maxOccurs="unbounded">NTE</segment>
                    </group>
                    <group maxOccurs="unbounded" minOccurs="0">
                        <group minOccurs="0">
                            <segment>PID</segment>
                            <segment minOccurs="0">PD1</segment>
                        </group>
                        <group minOccurs="0">
                            <segment>PV1</segment>
                            <segment minOccurs="0">PV2</segment>
                        </group>
                        <segment minOccurs="0" maxOccurs="unbounded">AL1</segment>
                        <group maxOccurs="unbounded">
                            <segment minOccurs="0">ORC</segment>
                            <segment>OBR</segment>
                            <segment minOccurs="0">NTE</segment>
                            <group maxOccurs="unbounded">
                                <segment>OBX</segment>
                                <segment minOccurs="0" maxOccurs="unbounded">NTE</segment>
                            </group>
                        </group>
                    </group>
                </group>
                <segment minOccurs="0" maxOccurs="unbounded">FT1</segment>
                <segment minOccurs="0" maxOccurs="unbounded">CTI</segment>
                <segment minOccurs="0">BLG</segment>
            </group>
        </group>
    </segments>
</message>
