<?xml version="1.0" encoding="UTF-8"?>
<message>
    <name>RCLI06</name>
    <description>Request/Receipt of Clinical Data Listing - Response</description>
    <segments>
        <segment>MSH</segment>
        <segment>MSA</segment>
        <segment>QRD</segment>
        <segment minOccurs="0">QRF</segment>
        <group maxOccurs="unbounded">
            <segment>PRD</segment>
            <segment minOccurs="0" maxOccurs="unbounded">CTD</segment>
        </group>
        <segment>PID</segment>
        <segment minOccurs="0" maxOccurs="unbounded">DG1</segment>
        <segment minOccurs="0" maxOccurs="unbounded">DRG</segment>
        <segment minOccurs="0" maxOccurs="unbounded">AL1</segment>
        <segment minOccurs="0" maxOccurs="unbounded">NTE</segment>
        <segment minOccurs="0" maxOccurs="unbounded">DSP</segment>
        <segment minOccurs="0">DSC</segment>
    </segments>
</message>
