<?xml version="1.0" encoding="UTF-8"?>
<message>
    <name>MFNM10</name>
    <description>Test/Observation Batteries Master File</description>
    <segments>
        <segment>MSH</segment>
        <segment>MFI</segment>
        <group maxOccurs="unbounded">
            <segment>MFE</segment>
            <segment>OM1</segment>
            <group minOccurs="0">
                <segment>OM5</segment>
                <segment minOccurs="0" maxOccurs="unbounded">OM4</segment>
            </group>
        </group>
    </segments>
</message>
