<?xml version="1.0" encoding="UTF-8"?>
<segment>
    <name>PEO</name>
    <description>Product Experience Observation</description>
    <elements>
        <field minOccurs="0" maxOccurs="0">
            <name>PEO.1</name>
            <description>Event Identifiers Used</description>
            <datatype>CE</datatype>
        </field>
        <field minOccurs="0" maxOccurs="0">
            <name>PEO.2</name>
            <description>Event Symptom/Diagnosis Code</description>
            <datatype>CE</datatype>
        </field>
        <field minOccurs="1" maxOccurs="0">
            <name>PEO.3</name>
            <description>Event Onset Date/Time</description>
            <datatype>TS</datatype>
        </field>
        <field minOccurs="0" maxOccurs="0">
            <name>PEO.4</name>
            <description>Event Exacerbation Date/Time</description>
            <datatype>TS</datatype>
        </field>
        <field minOccurs="0" maxOccurs="0">
            <name>PEO.5</name>
            <description>Event Improved Date/Time</description>
            <datatype>TS</datatype>
        </field>
        <field minOccurs="0" maxOccurs="0">
            <name>PEO.6</name>
            <description>Event Ended Data/Time</description>
            <datatype>TS</datatype>
        </field>
        <field minOccurs="0" maxOccurs="0">
            <name>PEO.7</name>
            <description>Event Location Occurred Address</description>
            <datatype>XAD</datatype>
        </field>
        <field minOccurs="0" maxOccurs="0">
            <name>PEO.8</name>
            <description>Event Qualification</description>
            <datatype>ID</datatype>
        </field>
        <field minOccurs="0" maxOccurs="0">
            <name>PEO.9</name>
            <description>Event Serious</description>
            <datatype>ID</datatype>
        </field>
        <field minOccurs="0" maxOccurs="0">
            <name>PEO.10</name>
            <description>Event Expected</description>
            <datatype>ID</datatype>
        </field>
        <field minOccurs="0" maxOccurs="0">
            <name>PEO.11</name>
            <description>Event Outcome</description>
            <datatype>ID</datatype>
        </field>
        <field minOccurs="0" maxOccurs="0">
            <name>PEO.12</name>
            <description>Patient Outcome</description>
            <datatype>ID</datatype>
        </field>
        <field minOccurs="0" maxOccurs="0">
            <name>PEO.13</name>
            <description>Event Description From Others</description>
            <datatype>FT</datatype>
        </field>
        <field minOccurs="0" maxOccurs="0">
            <name>PEO.14</name>
            <description>Event From Original Reporter</description>
            <datatype>FT</datatype>
        </field>
        <field minOccurs="0" maxOccurs="0">
            <name>PEO.15</name>
            <description>Event Description From Patient</description>
            <datatype>FT</datatype>
        </field>
        <field minOccurs="0" maxOccurs="0">
            <name>PEO.16</name>
            <description>Event Description From Practitioner</description>
            <datatype>FT</datatype>
        </field>
        <field minOccurs="0" maxOccurs="0">
            <name>PEO.17</name>
            <description>Event Description From Autopsy</description>
            <datatype>FT</datatype>
        </field>
        <field minOccurs="0" maxOccurs="0">
            <name>PEO.18</name>
            <description>Cause of Death</description>
            <datatype>CE</datatype>
        </field>
        <field minOccurs="0" maxOccurs="0">
            <name>PEO.19</name>
            <description>Primary Observer Name</description>
            <datatype>XPN</datatype>
        </field>
        <field minOccurs="0" maxOccurs="0">
            <name>PEO.20</name>
            <description>Primary Observer Address</description>
            <datatype>XAD</datatype>
        </field>
        <field minOccurs="0" maxOccurs="0">
            <name>PEO.21</name>
            <description>Primary Observer Telephone</description>
            <datatype>XTN</datatype>
        </field>
        <field minOccurs="0" maxOccurs="0">
            <name>PEO.22</name>
            <description>Primary Observer's Qualification</description>
            <datatype>ID</datatype>
        </field>
        <field minOccurs="0" maxOccurs="0">
            <name>PEO.23</name>
            <description>Confirmation Provided By</description>
            <datatype>ID</datatype>
        </field>
        <field minOccurs="0" maxOccurs="0">
            <name>PEO.24</name>
            <description>Primary Observer Aware Date/Time</description>
            <datatype>TS</datatype>
        </field>
        <field minOccurs="0" maxOccurs="0">
            <name>PEO.25</name>
            <description>Primary Observer's identity May Be Divulged</description>
            <datatype>ID</datatype>
        </field>
    </elements>
</segment>
