<?xml version="1.0" encoding="UTF-8"?>
<segment>
    <name>CSP</name>
    <description>Clinical Study Phase</description>
    <elements>
        <field minOccurs="1" maxOccurs="0">
            <name>CSP.1</name>
            <description>Study Phase Identifier</description>
            <datatype>CE</datatype>
        </field>
        <field minOccurs="1" maxOccurs="0">
            <name>CSP.2</name>
            <description>Date/Time Study Phase Began</description>
            <datatype>TS</datatype>
        </field>
        <field minOccurs="0" maxOccurs="0">
            <name>CSP.3</name>
            <description>Date/Time Study Phase Ended</description>
            <datatype>TS</datatype>
        </field>
        <field minOccurs="0" maxOccurs="0">
            <name>CSP.4</name>
            <description>Study Phase Evaluability</description>
            <datatype>CE</datatype>
        </field>
    </elements>
</segment>
