<?xml version="1.0" encoding="UTF-8"?>
<segment>
    <name>CNS</name>
    <description>Clear Notification</description>
    <elements>
        <field minOccurs="0" maxOccurs="0">
            <name>CNS.1</name>
            <description>Starting Notification Reference Number</description>
            <datatype>NM</datatype>
        </field>
        <field minOccurs="0" maxOccurs="0">
            <name>CNS.2</name>
            <description>Ending Notification Reference Number</description>
            <datatype>NM</datatype>
        </field>
        <field minOccurs="0" maxOccurs="0">
            <name>CNS.3</name>
            <description>Starting Notification Date/Time</description>
            <datatype>TS</datatype>
        </field>
        <field minOccurs="0" maxOccurs="0">
            <name>CNS.4</name>
            <description>Ending Notification Date/Time</description>
            <datatype>TS</datatype>
        </field>
        <field minOccurs="0" maxOccurs="0">
            <name>CNS.5</name>
            <description>Starting Notification Code</description>
            <datatype>CE</datatype>
        </field>
        <field minOccurs="0" maxOccurs="0">
            <name>CNS.6</name>
            <description>Ending Notification Code</description>
            <datatype>CE</datatype>
        </field>
    </elements>
</segment>
