<?xml version="1.0" encoding="UTF-8"?>
<segment>
    <name>OM6</name>
    <description>Observations that are Calculated from Other Observ</description>
    <elements>
        <field minOccurs="0" maxOccurs="0">
            <name>OM6.1</name>
            <description>Sequence Number - Test/ Observation Master File</description>
            <datatype>NM</datatype>
        </field>
        <field minOccurs="0" maxOccurs="0">
            <name>OM6.2</name>
            <description>Derivation Rule</description>
            <datatype>TX</datatype>
        </field>
    </elements>
</segment>
