<?xml version="1.0" encoding="UTF-8"?>
<segment>
    <name>DSP</name>
    <description>Display Data</description>
    <elements>
        <field minOccurs="0" maxOccurs="0">
            <name>DSP.1</name>
            <description>Set ID</description>
            <datatype>SI</datatype>
        </field>
        <field minOccurs="0" maxOccurs="0">
            <name>DSP.2</name>
            <description>Display Level</description>
            <datatype>SI</datatype>
        </field>
        <field minOccurs="1" maxOccurs="0">
            <name>DSP.3</name>
            <description>Data Line</description>
            <datatype>TX</datatype>
        </field>
        <field minOccurs="0" maxOccurs="0">
            <name>DSP.4</name>
            <description>Logical Break Point</description>
            <datatype>ST</datatype>
        </field>
        <field minOccurs="0" maxOccurs="0">
            <name>DSP.5</name>
            <description>Result ID</description>
            <datatype>TX</datatype>
        </field>
    </elements>
</segment>
