<?xml version="1.0" encoding="UTF-8"?>
<segment>
    <name>EQP</name>
    <description>Equipment/Log Service</description>
    <elements>
        <field minOccurs="1" maxOccurs="0">
            <name>EQP.1</name>
            <description>Event type</description>
            <datatype>CE</datatype>
        </field>
        <field minOccurs="0" maxOccurs="0">
            <name>EQP.2</name>
            <description>File Name</description>
            <datatype>ST</datatype>
        </field>
        <field minOccurs="1" maxOccurs="0">
            <name>EQP.3</name>
            <description>Start Date/Time</description>
            <datatype>TS</datatype>
        </field>
        <field minOccurs="0" maxOccurs="0">
            <name>EQP.4</name>
            <description>End Date/Time</description>
            <datatype>TS</datatype>
        </field>
        <field minOccurs="1" maxOccurs="0">
            <name>EQP.5</name>
            <description>Transaction Data</description>
            <datatype>FT</datatype>
        </field>
    </elements>
</segment>
