<?xml version="1.0" encoding="UTF-8"?>
<segment>
    <name>NDS</name>
    <description>Notification Detail</description>
    <elements>
        <field minOccurs="1" maxOccurs="0">
            <name>NDS.1</name>
            <description>Notification Reference Number</description>
            <datatype>NM</datatype>
        </field>
        <field minOccurs="1" maxOccurs="0">
            <name>NDS.2</name>
            <description>Notification Date/Time</description>
            <datatype>TS</datatype>
        </field>
        <field minOccurs="1" maxOccurs="0">
            <name>NDS.3</name>
            <description>Notification Alert Severity</description>
            <datatype>CE</datatype>
        </field>
        <field minOccurs="1" maxOccurs="0">
            <name>NDS.4</name>
            <description>Notification Code</description>
            <datatype>CE</datatype>
        </field>
    </elements>
</segment>
