<?xml version="1.0" encoding="UTF-8"?>
<segment>
    <name>IN3</name>
    <description>Insurance Additional Information, Certification</description>
    <elements>
        <field minOccurs="1" maxOccurs="0">
            <name>IN3.1</name>
            <description>Set ID</description>
            <datatype>SI</datatype>
        </field>
        <field minOccurs="0" maxOccurs="0">
            <name>IN3.2</name>
            <description>Certification Number</description>
            <datatype>CX</datatype>
        </field>
        <field minOccurs="0" maxOccurs="0">
            <name>IN3.3</name>
            <description>Certified By</description>
            <datatype>XCN</datatype>
        </field>
        <field minOccurs="0" maxOccurs="0">
            <name>IN3.4</name>
            <description>Certification Required</description>
            <datatype>ID</datatype>
        </field>
        <field minOccurs="0" maxOccurs="0">
            <name>IN3.5</name>
            <description>Penalty</description>
            <datatype>PEN</datatype>
        </field>
        <field minOccurs="0" maxOccurs="0">
            <name>IN3.6</name>
            <description>Certification Date/Time</description>
            <datatype>TS</datatype>
        </field>
        <field minOccurs="0" maxOccurs="0">
            <name>IN3.7</name>
            <description>Certification Modify Date/Time</description>
            <datatype>TS</datatype>
        </field>
        <field minOccurs="0" maxOccurs="0">
            <name>IN3.8</name>
            <description>Operator</description>
            <datatype>XCN</datatype>
        </field>
        <field minOccurs="0" maxOccurs="0">
            <name>IN3.9</name>
            <description>Certification Begin Date</description>
            <datatype>DT</datatype>
        </field>
        <field minOccurs="0" maxOccurs="0">
            <name>IN3.10</name>
            <description>Certification End Date</description>
            <datatype>DT</datatype>
        </field>
        <field minOccurs="0" maxOccurs="0">
            <name>IN3.11</name>
            <description>Days</description>
            <datatype>DTN</datatype>
        </field>
        <field minOccurs="0" maxOccurs="0">
            <name>IN3.12</name>
            <description>Non-Concur Code/Description</description>
            <datatype>CE</datatype>
        </field>
        <field minOccurs="0" maxOccurs="0">
            <name>IN3.13</name>
            <description>Non-Concur Effective Date/Time</description>
            <datatype>TS</datatype>
        </field>
        <field minOccurs="0" maxOccurs="0">
            <name>IN3.14</name>
            <description>Physician Reviewer</description>
            <datatype>XCN</datatype>
        </field>
        <field minOccurs="0" maxOccurs="0">
            <name>IN3.15</name>
            <description>Certification Contact</description>
            <datatype>ST</datatype>
        </field>
        <field minOccurs="0" maxOccurs="0">
            <name>IN3.16</name>
            <description>Certification Contact Phone Number</description>
            <datatype>XTN</datatype>
        </field>
        <field minOccurs="0" maxOccurs="0">
            <name>IN3.17</name>
            <description>Appeal Reason</description>
            <datatype>CE</datatype>
        </field>
        <field minOccurs="0" maxOccurs="0">
            <name>IN3.18</name>
            <description>Certification Agency</description>
            <datatype>CE</datatype>
        </field>
        <field minOccurs="0" maxOccurs="0">
            <name>IN3.19</name>
            <description>Certification Agency Phone Number</description>
            <datatype>XTN</datatype>
        </field>
        <field minOccurs="0" maxOccurs="0">
            <name>IN3.20</name>
            <description>Pre-Certification Req/Window</description>
            <datatype>PCF</datatype>
        </field>
        <field minOccurs="0" maxOccurs="0">
            <name>IN3.21</name>
            <description>Case Manager</description>
            <datatype>ST</datatype>
        </field>
        <field minOccurs="0" maxOccurs="0">
            <name>IN3.22</name>
            <description>Second Opinion Date</description>
            <datatype>DT</datatype>
        </field>
        <field minOccurs="0" maxOccurs="0">
            <name>IN3.23</name>
            <description>Second Opinion Status</description>
            <datatype>IS</datatype>
        </field>
        <field minOccurs="0" maxOccurs="0">
            <name>IN3.24</name>
            <description>Second Opinion Documentation Received</description>
            <datatype>IS</datatype>
        </field>
        <field minOccurs="0" maxOccurs="0">
            <name>IN3.25</name>
            <description>Second Opinion Physician</description>
            <datatype>XCN</datatype>
        </field>
    </elements>
</segment>
