<?xml version="1.0" encoding="UTF-8"?>
<segment>
    <name>DB1</name>
    <description>Disability</description>
    <elements>
        <field minOccurs="1" maxOccurs="0">
            <name>DB1.1</name>
            <description>Set ID</description>
            <datatype>SI</datatype>
        </field>
        <field minOccurs="0" maxOccurs="0">
            <name>DB1.2</name>
            <description>Disabled Person Code</description>
            <datatype>IS</datatype>
        </field>
        <field minOccurs="0" maxOccurs="0">
            <name>DB1.3</name>
            <description>Disabled Person Identifier</description>
            <datatype>CX</datatype>
        </field>
        <field minOccurs="0" maxOccurs="0">
            <name>DB1.4</name>
            <description>Disability Indicator</description>
            <datatype>ID</datatype>
        </field>
        <field minOccurs="0" maxOccurs="0">
            <name>DB1.5</name>
            <description>Disability Start Date</description>
            <datatype>DT</datatype>
        </field>
        <field minOccurs="0" maxOccurs="0">
            <name>DB1.6</name>
            <description>Disability End Date</description>
            <datatype>DT</datatype>
        </field>
        <field minOccurs="0" maxOccurs="0">
            <name>DB1.7</name>
            <description>Disability Return to Work Date</description>
            <datatype>DT</datatype>
        </field>
        <field minOccurs="0" maxOccurs="0">
            <name>DB1.8</name>
            <description>Disability Unable to Work Date</description>
            <datatype>DT</datatype>
        </field>
    </elements>
</segment>
