<?xml version="1.0" encoding="UTF-8"?>
<segment>
    <name>PR1</name>
    <description>Procedures</description>
    <elements>
        <field minOccurs="1" maxOccurs="0">
            <name>PR1.1</name>
            <description>Set ID</description>
            <datatype>SI</datatype>
        </field>
        <field minOccurs="0" maxOccurs="0">
            <name>PR1.2</name>
            <description>Procedure Coding Method</description>
            <datatype>IS</datatype>
        </field>
        <field minOccurs="1" maxOccurs="0">
            <name>PR1.3</name>
            <description>Procedure Code</description>
            <datatype>CE</datatype>
        </field>
        <field minOccurs="0" maxOccurs="0">
            <name>PR1.4</name>
            <description>Procedure Description</description>
            <datatype>ST</datatype>
        </field>
        <field minOccurs="1" maxOccurs="0">
            <name>PR1.5</name>
            <description>Procedure Date/Time</description>
            <datatype>TS</datatype>
        </field>
        <field minOccurs="0" maxOccurs="0">
            <name>PR1.6</name>
            <description>Procedure Functional Type</description>
            <datatype>IS</datatype>
        </field>
        <field minOccurs="0" maxOccurs="0">
            <name>PR1.7</name>
            <description>Procedure Minutes</description>
            <datatype>NM</datatype>
        </field>
        <field minOccurs="0" maxOccurs="0">
            <name>PR1.8</name>
            <description>Anesthesiologist</description>
            <datatype>XCN</datatype>
        </field>
        <field minOccurs="0" maxOccurs="0">
            <name>PR1.9</name>
            <description>Anesthesia Code</description>
            <datatype>IS</datatype>
        </field>
        <field minOccurs="0" maxOccurs="0">
            <name>PR1.10</name>
            <description>Anesthesia Minutes</description>
            <datatype>NM</datatype>
        </field>
        <field minOccurs="0" maxOccurs="0">
            <name>PR1.11</name>
            <description>Surgeon</description>
            <datatype>XCN</datatype>
        </field>
        <field minOccurs="0" maxOccurs="0">
            <name>PR1.12</name>
            <description>Procedure Practitioner</description>
            <datatype>XCN</datatype>
        </field>
        <field minOccurs="0" maxOccurs="0">
            <name>PR1.13</name>
            <description>Consent Code</description>
            <datatype>CE</datatype>
        </field>
        <field minOccurs="0" maxOccurs="0">
            <name>PR1.14</name>
            <description>Procedure Priority</description>
            <datatype>ID</datatype>
        </field>
        <field minOccurs="0" maxOccurs="0">
            <name>PR1.15</name>
            <description>Associated Diagnosis Code</description>
            <datatype>CE</datatype>
        </field>
        <field minOccurs="0" maxOccurs="0">
            <name>PR1.16</name>
            <description>Procedure Code Modifier</description>
            <datatype>CE</datatype>
        </field>
        <field minOccurs="0" maxOccurs="0">
            <name>PR1.17</name>
            <description>Procedure DRG Type</description>
            <datatype>IS</datatype>
        </field>
        <field minOccurs="0" maxOccurs="0">
            <name>PR1.18</name>
            <description>Tissue Type Code</description>
            <datatype>CE</datatype>
        </field>
    </elements>
</segment>
