<?xml version="1.0" encoding="UTF-8"?>
<segment>
    <name>LAN</name>
    <description>Language Detail</description>
    <elements>
        <field minOccurs="1" maxOccurs="0">
            <name>LAN.1</name>
            <description>Set ID</description>
            <datatype>SI</datatype>
        </field>
        <field minOccurs="1" maxOccurs="0">
            <name>LAN.2</name>
            <description>Language Code</description>
            <datatype>CE</datatype>
        </field>
        <field minOccurs="0" maxOccurs="0">
            <name>LAN.3</name>
            <description>Language Ability Code</description>
            <datatype>CE</datatype>
        </field>
        <field minOccurs="0" maxOccurs="0">
            <name>LAN.4</name>
            <description>Language Proficiency Code</description>
            <datatype>CE</datatype>
        </field>
    </elements>
</segment>
