<?xml version="1.0" encoding="UTF-8"?>
<segment>
    <name>DRG</name>
    <description>Diagnosis Related Group</description>
    <elements>
        <field minOccurs="0" maxOccurs="0">
            <name>DRG.1</name>
            <description>Diagnostic Related Group</description>
            <datatype>CE</datatype>
        </field>
        <field minOccurs="0" maxOccurs="0">
            <name>DRG.2</name>
            <description>DRG Assigned Date/Time</description>
            <datatype>TS</datatype>
        </field>
        <field minOccurs="0" maxOccurs="0">
            <name>DRG.3</name>
            <description>DRG Approval Indicator</description>
            <datatype>ID</datatype>
        </field>
        <field minOccurs="0" maxOccurs="0">
            <name>DRG.4</name>
            <description>DRG Grouper Review Code</description>
            <datatype>IS</datatype>
        </field>
        <field minOccurs="0" maxOccurs="0">
            <name>DRG.5</name>
            <description>Outlier Type</description>
            <datatype>CE</datatype>
        </field>
        <field minOccurs="0" maxOccurs="0">
            <name>DRG.6</name>
            <description>Outlier Days</description>
            <datatype>NM</datatype>
        </field>
        <field minOccurs="0" maxOccurs="0">
            <name>DRG.7</name>
            <description>Outlier Cost</description>
            <datatype>CP</datatype>
        </field>
        <field minOccurs="0" maxOccurs="0">
            <name>DRG.8</name>
            <description>DRG Payor</description>
            <datatype>IS</datatype>
        </field>
        <field minOccurs="0" maxOccurs="0">
            <name>DRG.9</name>
            <description>Outlier Reimbursement</description>
            <datatype>CP</datatype>
        </field>
        <field minOccurs="0" maxOccurs="0">
            <name>DRG.10</name>
            <description>Confidential Indicator</description>
            <datatype>ID</datatype>
        </field>
        <field minOccurs="0" maxOccurs="0">
            <name>DRG.11</name>
            <description>DRG Transfer Type</description>
            <datatype>IS</datatype>
        </field>
    </elements>
</segment>
