<?xml version="1.0" encoding="UTF-8"?>
<segment>
    <name>ABS</name>
    <description>Abstract</description>
    <elements>
        <field minOccurs="0" maxOccurs="0">
            <name>ABS.1</name>
            <description>Discharge Care Provider</description>
            <datatype>XCN</datatype>
        </field>
        <field minOccurs="0" maxOccurs="0">
            <name>ABS.2</name>
            <description>Transfer Medical Service Code</description>
            <datatype>CE</datatype>
        </field>
        <field minOccurs="0" maxOccurs="0">
            <name>ABS.3</name>
            <description>Severity of Illness Code</description>
            <datatype>CE</datatype>
        </field>
        <field minOccurs="0" maxOccurs="0">
            <name>ABS.4</name>
            <description>Date/Time of Attestation</description>
            <datatype>TS</datatype>
        </field>
        <field minOccurs="0" maxOccurs="0">
            <name>ABS.5</name>
            <description>Attested By</description>
            <datatype>XCN</datatype>
        </field>
        <field minOccurs="0" maxOccurs="0">
            <name>ABS.6</name>
            <description>Triage Code</description>
            <datatype>CE</datatype>
        </field>
        <field minOccurs="0" maxOccurs="0">
            <name>ABS.7</name>
            <description>Abstract Completion Date/Time</description>
            <datatype>TS</datatype>
        </field>
        <field minOccurs="0" maxOccurs="0">
            <name>ABS.8</name>
            <description>Abstracted By</description>
            <datatype>XCN</datatype>
        </field>
        <field minOccurs="0" maxOccurs="0">
            <name>ABS.9</name>
            <description>Case Category Code</description>
            <datatype>CE</datatype>
        </field>
        <field minOccurs="0" maxOccurs="0">
            <name>ABS.10</name>
            <description>Caesarian Section Indicator</description>
            <datatype>ID</datatype>
        </field>
        <field minOccurs="0" maxOccurs="0">
            <name>ABS.11</name>
            <description>Gestation Category Code</description>
            <datatype>CE</datatype>
        </field>
        <field minOccurs="0" maxOccurs="0">
            <name>ABS.12</name>
            <description>Gestation Period - Weeks</description>
            <datatype>NM</datatype>
        </field>
        <field minOccurs="0" maxOccurs="0">
            <name>ABS.13</name>
            <description>Newborn Code</description>
            <datatype>CE</datatype>
        </field>
        <field minOccurs="0" maxOccurs="0">
            <name>ABS.14</name>
            <description>Stillborn Indicator</description>
            <datatype>ID</datatype>
        </field>
    </elements>
</segment>
