<?xml version="1.0" encoding="UTF-8"?>
<segment>
    <name>MFE</name>
    <description>Master File Entry</description>
    <elements>
        <field minOccurs="1" maxOccurs="0">
            <name>MFE.1</name>
            <description>Record-Level Event Code</description>
            <datatype>ID</datatype>
        </field>
        <field minOccurs="0" maxOccurs="0">
            <name>MFE.2</name>
            <description>MFN Control ID</description>
            <datatype>ST</datatype>
        </field>
        <field minOccurs="0" maxOccurs="0">
            <name>MFE.3</name>
            <description>Effective Date/Time</description>
            <datatype>TS</datatype>
        </field>
        <field minOccurs="1" maxOccurs="0">
            <name>MFE.4</name>
            <description>Primary Key Value</description>
            <datatype>ST</datatype>
        </field>
        <field minOccurs="1" maxOccurs="0">
            <name>MFE.5</name>
            <description>Primary Key Value Type</description>
            <datatype>ID</datatype>
        </field>
    </elements>
</segment>
