<?xml version="1.0" encoding="UTF-8"?>
<segment>
    <name>ORC</name>
    <description>Common Order</description>
    <elements>
        <field minOccurs="1" maxOccurs="0">
            <name>ORC.1</name>
            <description>Order Control</description>
            <datatype>ID</datatype>
        </field>
        <field minOccurs="0" maxOccurs="0">
            <name>ORC.2</name>
            <description>Placer Order Number</description>
            <datatype>EI</datatype>
        </field>
        <field minOccurs="0" maxOccurs="0">
            <name>ORC.3</name>
            <description>Filler Order Number</description>
            <datatype>EI</datatype>
        </field>
        <field minOccurs="0" maxOccurs="0">
            <name>ORC.4</name>
            <description>Placer Group Number</description>
            <datatype>EI</datatype>
        </field>
        <field minOccurs="0" maxOccurs="0">
            <name>ORC.5</name>
            <description>Order Status</description>
            <datatype>ID</datatype>
        </field>
        <field minOccurs="0" maxOccurs="0">
            <name>ORC.6</name>
            <description>Response Flag</description>
            <datatype>ID</datatype>
        </field>
        <field minOccurs="0" maxOccurs="0">
            <name>ORC.7</name>
            <description>Quantity/Timing</description>
            <datatype>TQ</datatype>
        </field>
        <field minOccurs="0" maxOccurs="0">
            <name>ORC.8</name>
            <description>Parent</description>
            <datatype>EIP</datatype>
        </field>
        <field minOccurs="0" maxOccurs="0">
            <name>ORC.9</name>
            <description>Date/Time of Transaction</description>
            <datatype>TS</datatype>
        </field>
        <field minOccurs="0" maxOccurs="0">
            <name>ORC.10</name>
            <description>Entered By</description>
            <datatype>XCN</datatype>
        </field>
        <field minOccurs="0" maxOccurs="0">
            <name>ORC.11</name>
            <description>Verified By</description>
            <datatype>XCN</datatype>
        </field>
        <field minOccurs="0" maxOccurs="0">
            <name>ORC.12</name>
            <description>Ordering Provider</description>
            <datatype>XCN</datatype>
        </field>
        <field minOccurs="0" maxOccurs="0">
            <name>ORC.13</name>
            <description>Enterer's Location</description>
            <datatype>PL</datatype>
        </field>
        <field minOccurs="0" maxOccurs="2">
            <name>ORC.14</name>
            <description>Call Back Phone Number</description>
            <datatype>XTN</datatype>
        </field>
        <field minOccurs="0" maxOccurs="0">
            <name>ORC.15</name>
            <description>Order Effective Date/Time</description>
            <datatype>TS</datatype>
        </field>
        <field minOccurs="0" maxOccurs="0">
            <name>ORC.16</name>
            <description>Order Control Code Reason</description>
            <datatype>CE</datatype>
        </field>
        <field minOccurs="0" maxOccurs="0">
            <name>ORC.17</name>
            <description>Entering Organization</description>
            <datatype>CE</datatype>
        </field>
        <field minOccurs="0" maxOccurs="0">
            <name>ORC.18</name>
            <description>Entering Device</description>
            <datatype>CE</datatype>
        </field>
        <field minOccurs="0" maxOccurs="0">
            <name>ORC.19</name>
            <description>Action By</description>
            <datatype>XCN</datatype>
        </field>
        <field minOccurs="0" maxOccurs="0">
            <name>ORC.20</name>
            <description>Advanced Beneficiary Notice Code</description>
            <datatype>CE</datatype>
        </field>
        <field minOccurs="0" maxOccurs="0">
            <name>ORC.21</name>
            <description>Ordering Facility Name</description>
            <datatype>XON</datatype>
        </field>
        <field minOccurs="0" maxOccurs="0">
            <name>ORC.22</name>
            <description>Ordering Facility Address</description>
            <datatype>XAD</datatype>
        </field>
        <field minOccurs="0" maxOccurs="0">
            <name>ORC.23</name>
            <description>Ordering Facility Phone Number</description>
            <datatype>XTN</datatype>
        </field>
        <field minOccurs="0" maxOccurs="0">
            <name>ORC.24</name>
            <description>Ordering Provider Address</description>
            <datatype>XAD</datatype>
        </field>
        <field minOccurs="0" maxOccurs="0">
            <name>ORC.25</name>
            <description>Order Status Modifier</description>
            <datatype>CWE</datatype>
        </field>
    </elements>
</segment>
