<?xml version="1.0" encoding="UTF-8"?>
<segment>
    <name>EVN</name>
    <description>Event Type</description>
    <elements>
        <field minOccurs="0" maxOccurs="0">
            <name>EVN.1</name>
            <description>Event Type Code</description>
            <datatype>ID</datatype>
        </field>
        <field minOccurs="1" maxOccurs="0">
            <name>EVN.2</name>
            <description>Recorded Date/Time</description>
            <datatype>TS</datatype>
        </field>
        <field minOccurs="0" maxOccurs="0">
            <name>EVN.3</name>
            <description>Date/Time Planned Event</description>
            <datatype>TS</datatype>
        </field>
        <field minOccurs="0" maxOccurs="0">
            <name>EVN.4</name>
            <description>Event Reason Code</description>
            <datatype>IS</datatype>
        </field>
        <field minOccurs="0" maxOccurs="0">
            <name>EVN.5</name>
            <description>Operator ID</description>
            <datatype>XCN</datatype>
        </field>
        <field minOccurs="0" maxOccurs="0">
            <name>EVN.6</name>
            <description>Event Occurred</description>
            <datatype>TS</datatype>
        </field>
        <field minOccurs="0" maxOccurs="0">
            <name>EVN.7</name>
            <description>Event Facility</description>
            <datatype>HD</datatype>
        </field>
    </elements>
</segment>
