<?xml version="1.0" encoding="UTF-8"?>
<segment>
    <name>PDA</name>
    <description>Patient death and autopsy</description>
    <elements>
        <field minOccurs="0" maxOccurs="0">
            <name>PDA.1</name>
            <description>Death Cause Code</description>
            <datatype>CE</datatype>
        </field>
        <field minOccurs="0" maxOccurs="0">
            <name>PDA.2</name>
            <description>Death Location</description>
            <datatype>PL</datatype>
        </field>
        <field minOccurs="0" maxOccurs="0">
            <name>PDA.3</name>
            <description>Death Certified Indicator</description>
            <datatype>ID</datatype>
        </field>
        <field minOccurs="0" maxOccurs="0">
            <name>PDA.4</name>
            <description>Death Certificate Signed Date/Time</description>
            <datatype>TS</datatype>
        </field>
        <field minOccurs="0" maxOccurs="0">
            <name>PDA.5</name>
            <description>Death Certified By</description>
            <datatype>XCN</datatype>
        </field>
        <field minOccurs="0" maxOccurs="0">
            <name>PDA.6</name>
            <description>Autopsy Indicator</description>
            <datatype>ID</datatype>
        </field>
        <field minOccurs="0" maxOccurs="0">
            <name>PDA.7</name>
            <description>Autopsy Start and End Date/Time</description>
            <datatype>DR</datatype>
        </field>
        <field minOccurs="0" maxOccurs="0">
            <name>PDA.8</name>
            <description>Autopsy Performed By</description>
            <datatype>XCN</datatype>
        </field>
        <field minOccurs="0" maxOccurs="0">
            <name>PDA.9</name>
            <description>Coroner Indicator</description>
            <datatype>ID</datatype>
        </field>
    </elements>
</segment>
