<?xml version="1.0" encoding="UTF-8"?>
<segment>
    <name>APR</name>
    <description>Appointment Preferences</description>
    <elements>
        <field minOccurs="0" maxOccurs="0">
            <name>APR.1</name>
            <description>Time Selection Criteria</description>
            <datatype>SCV</datatype>
        </field>
        <field minOccurs="0" maxOccurs="0">
            <name>APR.2</name>
            <description>Resource Selection Criteria</description>
            <datatype>SCV</datatype>
        </field>
        <field minOccurs="0" maxOccurs="0">
            <name>APR.3</name>
            <description>Location Selection Criteria</description>
            <datatype>SCV</datatype>
        </field>
        <field minOccurs="0" maxOccurs="0">
            <name>APR.4</name>
            <description>Slot Spacing Criteria</description>
            <datatype>NM</datatype>
        </field>
        <field minOccurs="0" maxOccurs="0">
            <name>APR.5</name>
            <description>Filler Override Criteria</description>
            <datatype>SCV</datatype>
        </field>
    </elements>
</segment>
