<?xml version="1.0" encoding="UTF-8"?>
<segment>
    <name>OM1</name>
    <description>General Segment</description>
    <elements>
        <field minOccurs="1" maxOccurs="0">
            <name>OM1.1</name>
            <description>Sequence Number - Test/ Observation Master File</description>
            <datatype>NM</datatype>
        </field>
        <field minOccurs="1" maxOccurs="0">
            <name>OM1.2</name>
            <description>Producer's Service/Test/Observation ID</description>
            <datatype>CE</datatype>
        </field>
        <field minOccurs="0" maxOccurs="0">
            <name>OM1.3</name>
            <description>Permitted Data Types</description>
            <datatype>ID</datatype>
        </field>
        <field minOccurs="1" maxOccurs="0">
            <name>OM1.4</name>
            <description>Specimen Required</description>
            <datatype>ID</datatype>
        </field>
        <field minOccurs="1" maxOccurs="0">
            <name>OM1.5</name>
            <description>Producer ID</description>
            <datatype>CE</datatype>
        </field>
        <field minOccurs="0" maxOccurs="0">
            <name>OM1.6</name>
            <description>Observation Description</description>
            <datatype>TX</datatype>
        </field>
        <field minOccurs="0" maxOccurs="0">
            <name>OM1.7</name>
            <description>Other Service/Test/Observation IDs for the Observation</description>
            <datatype>CE</datatype>
        </field>
        <field minOccurs="1" maxOccurs="0">
            <name>OM1.8</name>
            <description>Other Names</description>
            <datatype>ST</datatype>
        </field>
        <field minOccurs="0" maxOccurs="0">
            <name>OM1.9</name>
            <description>Preferred Report Name for the Observation</description>
            <datatype>ST</datatype>
        </field>
        <field minOccurs="0" maxOccurs="0">
            <name>OM1.10</name>
            <description>Preferred Short Name or Mnemonic for Observation</description>
            <datatype>ST</datatype>
        </field>
        <field minOccurs="0" maxOccurs="0">
            <name>OM1.11</name>
            <description>Preferred Long Name for the Observation</description>
            <datatype>ST</datatype>
        </field>
        <field minOccurs="0" maxOccurs="0">
            <name>OM1.12</name>
            <description>Orderability</description>
            <datatype>ID</datatype>
        </field>
        <field minOccurs="0" maxOccurs="0">
            <name>OM1.13</name>
            <description>Identity of Instrument Used to Perform this Study</description>
            <datatype>CE</datatype>
        </field>
        <field minOccurs="0" maxOccurs="0">
            <name>OM1.14</name>
            <description>Coded Representation of Method</description>
            <datatype>CE</datatype>
        </field>
        <field minOccurs="0" maxOccurs="0">
            <name>OM1.15</name>
            <description>Portable Device Indicator</description>
            <datatype>ID</datatype>
        </field>
        <field minOccurs="0" maxOccurs="0">
            <name>OM1.16</name>
            <description>Observation Producing Department/Section</description>
            <datatype>CE</datatype>
        </field>
        <field minOccurs="0" maxOccurs="0">
            <name>OM1.17</name>
            <description>Telephone Number of Section</description>
            <datatype>XTN</datatype>
        </field>
        <field minOccurs="1" maxOccurs="0">
            <name>OM1.18</name>
            <description>Nature of Service/Test/Observation</description>
            <datatype>IS</datatype>
        </field>
        <field minOccurs="0" maxOccurs="0">
            <name>OM1.19</name>
            <description>Report Subheader</description>
            <datatype>CE</datatype>
        </field>
        <field minOccurs="0" maxOccurs="0">
            <name>OM1.20</name>
            <description>Report Display Order</description>
            <datatype>ST</datatype>
        </field>
        <field minOccurs="0" maxOccurs="0">
            <name>OM1.21</name>
            <description>Date/Time Stamp for any change in Definition for the Observation</description>
            <datatype>TS</datatype>
        </field>
        <field minOccurs="0" maxOccurs="0">
            <name>OM1.22</name>
            <description>Effective Date/Time of Change</description>
            <datatype>TS</datatype>
        </field>
        <field minOccurs="0" maxOccurs="0">
            <name>OM1.23</name>
            <description>Typical Turn-Around Time</description>
            <datatype>NM</datatype>
        </field>
        <field minOccurs="0" maxOccurs="0">
            <name>OM1.24</name>
            <description>Processing Time</description>
            <datatype>NM</datatype>
        </field>
        <field minOccurs="0" maxOccurs="0">
            <name>OM1.25</name>
            <description>Processing Priority</description>
            <datatype>ID</datatype>
        </field>
        <field minOccurs="0" maxOccurs="0">
            <name>OM1.26</name>
            <description>Reporting Priority</description>
            <datatype>ID</datatype>
        </field>
        <field minOccurs="0" maxOccurs="0">
            <name>OM1.27</name>
            <description>Outside Site(s) Where Observation may be Performed</description>
            <datatype>CE</datatype>
        </field>
        <field minOccurs="0" maxOccurs="0">
            <name>OM1.28</name>
            <description>Address of Outside Site(s)</description>
            <datatype>XAD</datatype>
        </field>
        <field minOccurs="0" maxOccurs="0">
            <name>OM1.29</name>
            <description>Phone Number of Outside Site</description>
            <datatype>XTN</datatype>
        </field>
        <field minOccurs="0" maxOccurs="0">
            <name>OM1.30</name>
            <description>Confidentiality Code</description>
            <datatype>IS</datatype>
        </field>
        <field minOccurs="0" maxOccurs="0">
            <name>OM1.31</name>
            <description>Observations Required to Interpret the Observation</description>
            <datatype>CE</datatype>
        </field>
        <field minOccurs="0" maxOccurs="0">
            <name>OM1.32</name>
            <description>Interpretation of Observations</description>
            <datatype>TX</datatype>
        </field>
        <field minOccurs="0" maxOccurs="0">
            <name>OM1.33</name>
            <description>Contraindications to Observations</description>
            <datatype>CE</datatype>
        </field>
        <field minOccurs="0" maxOccurs="0">
            <name>OM1.34</name>
            <description>Reflex Tests/Observations</description>
            <datatype>CE</datatype>
        </field>
        <field minOccurs="0" maxOccurs="0">
            <name>OM1.35</name>
            <description>Rules that Trigger Reflex Testing</description>
            <datatype>TX</datatype>
        </field>
        <field minOccurs="0" maxOccurs="0">
            <name>OM1.36</name>
            <description>Fixed Canned Message</description>
            <datatype>CE</datatype>
        </field>
        <field minOccurs="0" maxOccurs="0">
            <name>OM1.37</name>
            <description>Patient Preparation</description>
            <datatype>TX</datatype>
        </field>
        <field minOccurs="0" maxOccurs="0">
            <name>OM1.38</name>
            <description>Procedure Medication</description>
            <datatype>CE</datatype>
        </field>
        <field minOccurs="0" maxOccurs="0">
            <name>OM1.39</name>
            <description>Factors that may Affect Affect the Observation</description>
            <datatype>TX</datatype>
        </field>
        <field minOccurs="0" maxOccurs="0">
            <name>OM1.40</name>
            <description>Service/Test/Observation Performance Schedule</description>
            <datatype>ST</datatype>
        </field>
        <field minOccurs="0" maxOccurs="0">
            <name>OM1.41</name>
            <description>Description of Test Methods</description>
            <datatype>TX</datatype>
        </field>
        <field minOccurs="0" maxOccurs="0">
            <name>OM1.42</name>
            <description>Kind of Quantity Observed</description>
            <datatype>CE</datatype>
        </field>
        <field minOccurs="0" maxOccurs="0">
            <name>OM1.43</name>
            <description>Point Versus Interval</description>
            <datatype>CE</datatype>
        </field>
        <field minOccurs="0" maxOccurs="0">
            <name>OM1.44</name>
            <description>Challenge Information</description>
            <datatype>TX</datatype>
        </field>
        <field minOccurs="0" maxOccurs="0">
            <name>OM1.45</name>
            <description>Relationship Modifier</description>
            <datatype>CE</datatype>
        </field>
        <field minOccurs="0" maxOccurs="0">
            <name>OM1.46</name>
            <description>Target Anatomic Site of Test</description>
            <datatype>CE</datatype>
        </field>
        <field minOccurs="0" maxOccurs="0">
            <name>OM1.47</name>
            <description>Modality of Imaging Measurement</description>
            <datatype>CE</datatype>
        </field>
    </elements>
</segment>
