<?xml version="1.0" encoding="UTF-8"?>
<segment>
    <name>ECR</name>
    <description>Equipment Command Response</description>
    <elements>
        <field minOccurs="1" maxOccurs="0">
            <name>ECR.1</name>
            <description>Command Response</description>
            <datatype>CE</datatype>
        </field>
        <field minOccurs="1" maxOccurs="0">
            <name>ECR.2</name>
            <description>Date/Time Completed</description>
            <datatype>TS</datatype>
        </field>
        <field minOccurs="0" maxOccurs="0">
            <name>ECR.3</name>
            <description>Command Response Parameters</description>
            <datatype>ST</datatype>
        </field>
    </elements>
</segment>
