<?xml version="1.0" encoding="UTF-8"?>
<segment>
    <name>EQU</name>
    <description>Equipment Detail</description>
    <elements>
        <field minOccurs="1" maxOccurs="0">
            <name>EQU.1</name>
            <description>Equipment Instance Identifier</description>
            <datatype>EI</datatype>
        </field>
        <field minOccurs="1" maxOccurs="0">
            <name>EQU.2</name>
            <description>Event Date/Time</description>
            <datatype>TS</datatype>
        </field>
        <field minOccurs="0" maxOccurs="0">
            <name>EQU.3</name>
            <description>Equipment State</description>
            <datatype>CE</datatype>
        </field>
        <field minOccurs="0" maxOccurs="0">
            <name>EQU.4</name>
            <description>Local/Remote Control State</description>
            <datatype>CE</datatype>
        </field>
        <field minOccurs="0" maxOccurs="0">
            <name>EQU.5</name>
            <description>Alert Level</description>
            <datatype>CE</datatype>
        </field>
    </elements>
</segment>
