<?xml version="1.0" encoding="UTF-8"?>
<segment>
    <name>FN</name>
    <description>Family + Last Name Prefix</description>
    <elements>
        <field minOccurs="0" maxOccurs="0">
            <name>FN.1</name>
            <description>Family Name</description>
            <datatype>ST</datatype>
        </field>
        <field minOccurs="0" maxOccurs="0">
            <name>FN.2</name>
            <description>Last Name Prefix</description>
            <datatype>ST</datatype>
        </field>
    </elements>
</segment>
