<?xml version="1.0" encoding="UTF-8"?>
<segment>
    <name>PIP</name>
    <description>Privileges</description>
    <elements>
        <field minOccurs="0" maxOccurs="0">
            <name>PIP.1</name>
            <description>Privilege</description>
            <datatype>CE</datatype>
        </field>
        <field minOccurs="0" maxOccurs="0">
            <name>PIP.2</name>
            <description>Privilege Class</description>
            <datatype>CE</datatype>
        </field>
        <field minOccurs="0" maxOccurs="0">
            <name>PIP.3</name>
            <description>Expiration Date</description>
            <datatype>DT</datatype>
        </field>
        <field minOccurs="0" maxOccurs="0">
            <name>PIP.4</name>
            <description>Activation Date</description>
            <datatype>DT</datatype>
        </field>
        <field minOccurs="0" maxOccurs="0">
            <name>PIP.5</name>
            <description>Facility (EI)</description>
            <datatype>EI</datatype>
        </field>
    </elements>
</segment>
