<?xml version="1.0" encoding="UTF-8"?>
<segment>
    <name>PCF</name>
    <description>Pre-certification Required</description>
    <elements>
        <field minOccurs="0" maxOccurs="0">
            <name>PCF.1</name>
            <description>Pre-certification Patient Type</description>
            <datatype>IS</datatype>
        </field>
        <field minOccurs="0" maxOccurs="0">
            <name>PCF.2</name>
            <description>Pre-certification Required</description>
            <datatype>ID</datatype>
        </field>
        <field minOccurs="0" maxOccurs="0">
            <name>PCF.3</name>
            <description>Pre-certification Window</description>
            <datatype>TS</datatype>
        </field>
    </elements>
</segment>
