<?xml version="1.0" encoding="UTF-8"?>
<segment>
    <name>JCC</name>
    <description>Job Code/Class</description>
    <elements>
        <field minOccurs="0" maxOccurs="0">
            <name>JCC.1</name>
            <description>Job Code</description>
            <datatype>IS</datatype>
        </field>
        <field minOccurs="0" maxOccurs="0">
            <name>JCC.2</name>
            <description>Job Class</description>
            <datatype>IS</datatype>
        </field>
    </elements>
</segment>
