<?xml version="1.0" encoding="UTF-8"?>
<segment>
    <name>LA2</name>
    <description>Location with Address Information (Variant 2)</description>
    <elements>
        <field minOccurs="0" maxOccurs="0">
            <name>LA2.1</name>
            <description>Point of Care (IS)</description>
            <datatype>IS</datatype>
        </field>
        <field minOccurs="0" maxOccurs="0">
            <name>LA2.2</name>
            <description>Room</description>
            <datatype>IS</datatype>
        </field>
        <field minOccurs="0" maxOccurs="0">
            <name>LA2.3</name>
            <description>Bed</description>
            <datatype>IS</datatype>
        </field>
        <field minOccurs="0" maxOccurs="0">
            <name>LA2.4</name>
            <description>Facility (HD)</description>
            <datatype>HD</datatype>
        </field>
        <field minOccurs="0" maxOccurs="0">
            <name>LA2.5</name>
            <description>Location Status</description>
            <datatype>IS</datatype>
        </field>
        <field minOccurs="0" maxOccurs="0">
            <name>LA2.6</name>
            <description>Person Location Type</description>
            <datatype>IS</datatype>
        </field>
        <field minOccurs="0" maxOccurs="0">
            <name>LA2.7</name>
            <description>Building</description>
            <datatype>IS</datatype>
        </field>
        <field minOccurs="0" maxOccurs="0">
            <name>LA2.8</name>
            <description>Floor</description>
            <datatype>IS</datatype>
        </field>
        <field minOccurs="0" maxOccurs="0">
            <name>LA2.9</name>
            <description>Street Address</description>
            <datatype>ST</datatype>
        </field>
        <field minOccurs="0" maxOccurs="0">
            <name>LA2.10</name>
            <description>Other Designation</description>
            <datatype>ST</datatype>
        </field>
        <field minOccurs="0" maxOccurs="0">
            <name>LA2.11</name>
            <description>City</description>
            <datatype>ST</datatype>
        </field>
        <field minOccurs="0" maxOccurs="0">
            <name>LA2.12</name>
            <description>State or Province</description>
            <datatype>ST</datatype>
        </field>
        <field minOccurs="0" maxOccurs="0">
            <name>LA2.13</name>
            <description>Zip or Postal Code</description>
            <datatype>ST</datatype>
        </field>
        <field minOccurs="0" maxOccurs="0">
            <name>LA2.14</name>
            <description>Country</description>
            <datatype>ID</datatype>
        </field>
        <field minOccurs="0" maxOccurs="0">
            <name>LA2.15</name>
            <description>Address Type</description>
            <datatype>ID</datatype>
        </field>
        <field minOccurs="0" maxOccurs="0">
            <name>LA2.16</name>
            <description>Other Geographic Designation</description>
            <datatype>ST</datatype>
        </field>
    </elements>
</segment>
