<?xml version="1.0" encoding="UTF-8"?>
<segment>
    <name>OSP</name>
    <description>Occurence Span</description>
    <elements>
        <field minOccurs="0" maxOccurs="0">
            <name>OSP.1</name>
            <description>Occurrence Span Code</description>
            <datatype>CE</datatype>
        </field>
        <field minOccurs="0" maxOccurs="0">
            <name>OSP.2</name>
            <description>Occurrence Span Start Date</description>
            <datatype>DT</datatype>
        </field>
        <field minOccurs="0" maxOccurs="0">
            <name>OSP.3</name>
            <description>Occurrence Span Stop Date</description>
            <datatype>DT</datatype>
        </field>
    </elements>
</segment>
