<?xml version="1.0" encoding="UTF-8"?>
<segment>
    <name>PT</name>
    <description>Processing Type</description>
    <elements>
        <field minOccurs="0" maxOccurs="0">
            <name>PT.1</name>
            <description>Processing ID</description>
            <datatype>ID</datatype>
        </field>
        <field minOccurs="0" maxOccurs="0">
            <name>PT.2</name>
            <description>Processing Mode</description>
            <datatype>ID</datatype>
        </field>
    </elements>
</segment>
