<?xml version="1.0" encoding="UTF-8"?>
<segment>
    <name>VH</name>
    <description>Visiting Hours</description>
    <elements>
        <field minOccurs="0" maxOccurs="0">
            <name>VH.1</name>
            <description>Start Day Range</description>
            <datatype>ID</datatype>
        </field>
        <field minOccurs="0" maxOccurs="0">
            <name>VH.2</name>
            <description>End Day Range</description>
            <datatype>ID</datatype>
        </field>
        <field minOccurs="0" maxOccurs="0">
            <name>VH.3</name>
            <description>Start Hour Range</description>
            <datatype>TM</datatype>
        </field>
        <field minOccurs="0" maxOccurs="0">
            <name>VH.4</name>
            <description>End Hour Range</description>
            <datatype>TM</datatype>
        </field>
    </elements>
</segment>
