<?xml version="1.0" encoding="UTF-8"?>
<segment>
    <name>RMC</name>
    <description>Room Coverage</description>
    <elements>
        <field minOccurs="0" maxOccurs="0">
            <name>RMC.1</name>
            <description>Room Type</description>
            <datatype>IS</datatype>
        </field>
        <field minOccurs="0" maxOccurs="0">
            <name>RMC.2</name>
            <description>Amount Type</description>
            <datatype>IS</datatype>
        </field>
        <field minOccurs="0" maxOccurs="0">
            <name>RMC.3</name>
            <description>Coverage Amount</description>
            <datatype>NM</datatype>
        </field>
    </elements>
</segment>
