<?xml version="1.0" encoding="UTF-8"?>
<segment>
    <name>AUI</name>
    <description>Authorization Information</description>
    <elements>
        <field minOccurs="0" maxOccurs="0">
            <name>AUI.1</name>
            <description>Authorization Number</description>
            <datatype>ST</datatype>
        </field>
        <field minOccurs="0" maxOccurs="0">
            <name>AUI.2</name>
            <description>Date</description>
            <datatype>TS</datatype>
        </field>
        <field minOccurs="0" maxOccurs="0">
            <name>AUI.3</name>
            <description>Source</description>
            <datatype>ST</datatype>
        </field>
    </elements>
</segment>
