<?xml version="1.0" encoding="UTF-8"?>
<segment>
    <name>UVC</name>
    <description>Value Code and Amount</description>
    <elements>
        <field minOccurs="0" maxOccurs="0">
            <name>UVC.1</name>
            <description>Value Code</description>
            <datatype>IS</datatype>
        </field>
        <field minOccurs="0" maxOccurs="0">
            <name>UVC.2</name>
            <description>Value Amount</description>
            <datatype>NM</datatype>
        </field>
    </elements>
</segment>
