<?xml version="1.0" encoding="UTF-8"?>
<segment>
    <name>PI</name>
    <description>Person Identifier</description>
    <elements>
        <field minOccurs="0" maxOccurs="0">
            <name>PI.1</name>
            <description>ID Number (ST)</description>
            <datatype>ST</datatype>
        </field>
        <field minOccurs="0" maxOccurs="0">
            <name>PI.2</name>
            <description>Type of ID Number (IS)</description>
            <datatype>IS</datatype>
        </field>
        <field minOccurs="0" maxOccurs="0">
            <name>PI.3</name>
            <description>Other Qualifying Info</description>
            <datatype>ST</datatype>
        </field>
    </elements>
</segment>
