<?xml version="1.0" encoding="UTF-8"?>
<message>
    <name>SQMS25</name>
    <description>Schedule Query Message and Response</description>
    <segments>
        <segment>MSH</segment>
        <segment>QRD</segment>
        <segment minOccurs="0">QRF</segment>
        <group minOccurs="0">
            <segment>ARQ</segment>
            <segment minOccurs="0">APR</segment>
            <segment minOccurs="0">PID</segment>
            <group maxOccurs="unbounded">
                <segment>RGS</segment>
                <group maxOccurs="unbounded" minOccurs="0">
                    <segment>AIS</segment>
                    <segment minOccurs="0">APR</segment>
                </group>
                <group maxOccurs="unbounded" minOccurs="0">
                    <segment>AIG</segment>
                    <segment minOccurs="0">APR</segment>
                </group>
                <group maxOccurs="unbounded" minOccurs="0">
                    <segment>AIP</segment>
                    <segment minOccurs="0">APR</segment>
                </group>
                <group maxOccurs="unbounded" minOccurs="0">
                    <segment>AIL</segment>
                    <segment minOccurs="0">APR</segment>
                </group>
            </group>
        </group>
        <segment minOccurs="0">DSC</segment>
    </segments>
</message>
