<?xml version="1.0" encoding="UTF-8"?>
<message>
    <name>ORUR01</name>
    <description>Unsolicited Transmission of An Observation Message</description>
    <segments>
        <segment>MSH</segment>
        <group maxOccurs="unbounded">
            <group minOccurs="0">
                <segment>PID</segment>
                <segment minOccurs="0">PD1</segment>
                <segment minOccurs="0" maxOccurs="unbounded">NK1</segment>
                <segment minOccurs="0" maxOccurs="unbounded">NTE</segment>
                <group minOccurs="0">
                    <segment>PV1</segment>
                    <segment minOccurs="0">PV2</segment>
                </group>
            </group>
            <group maxOccurs="unbounded">
                <segment minOccurs="0">ORC</segment>
                <segment>OBR</segment>
                <segment minOccurs="0" maxOccurs="unbounded">NTE</segment>
                <group maxOccurs="unbounded">
                    <segment minOccurs="0">OBX</segment>
                    <segment minOccurs="0" maxOccurs="unbounded">NTE</segment>
                </group>
                <segment minOccurs="0" maxOccurs="unbounded">CTI</segment>
            </group>
        </group>
        <segment minOccurs="0">DSC</segment>
    </segments>
</message>
