<?xml version="1.0" encoding="UTF-8"?>
<message>
    <name>BARP02</name>
    <description>Purge Patient Accounts</description>
    <segments>
        <segment>MSH</segment>
        <segment>EVN</segment>
        <group maxOccurs="unbounded">
            <segment>PID</segment>
            <segment minOccurs="0">PD1</segment>
            <segment minOccurs="0">PV1</segment>
            <segment minOccurs="0" maxOccurs="unbounded">DB1</segment>
        </group>
    </segments>
</message>
