<?xml version="1.0" encoding="UTF-8"?>
<segment>
    <name>MFA</name>
    <description>Master File Acknowledgment</description>
    <elements>
        <field minOccurs="1" maxOccurs="0">
            <name>MFA.1</name>
            <description>Record-level Event Code</description>
            <datatype>ID</datatype>
        </field>
        <field minOccurs="0" maxOccurs="0">
            <name>MFA.2</name>
            <description>MFN Control ID</description>
            <datatype>ST</datatype>
        </field>
        <field minOccurs="0" maxOccurs="0">
            <name>MFA.3</name>
            <description>Event Completion Date/Time</description>
            <datatype>TS</datatype>
        </field>
        <field minOccurs="1" maxOccurs="0">
            <name>MFA.4</name>
            <description>MFN Record Level Error Return</description>
            <datatype>CE</datatype>
        </field>
        <field minOccurs="1" maxOccurs="0">
            <name>MFA.5</name>
            <description>Primary Key Value - MFA</description>
            <datatype>CE</datatype>
        </field>
        <field minOccurs="1" maxOccurs="0">
            <name>MFA.6</name>
            <description>Primary Key Value Type</description>
            <datatype>ID</datatype>
        </field>
    </elements>
</segment>
