<?xml version="1.0" encoding="UTF-8"?>
<segment>
    <name>FAC</name>
    <description>Facility</description>
    <elements>
        <field minOccurs="1" maxOccurs="0">
            <name>FAC.1</name>
            <description>Facility ID</description>
            <datatype>EI</datatype>
        </field>
        <field minOccurs="0" maxOccurs="0">
            <name>FAC.2</name>
            <description>Facility Type</description>
            <datatype>ID</datatype>
        </field>
        <field minOccurs="1" maxOccurs="0">
            <name>FAC.3</name>
            <description>Facility Address</description>
            <datatype>XAD</datatype>
        </field>
        <field minOccurs="1" maxOccurs="0">
            <name>FAC.4</name>
            <description>Facility Telecommunication</description>
            <datatype>XTN</datatype>
        </field>
        <field minOccurs="0" maxOccurs="0">
            <name>FAC.5</name>
            <description>Contact Person</description>
            <datatype>XCN</datatype>
        </field>
        <field minOccurs="0" maxOccurs="0">
            <name>FAC.6</name>
            <description>Contact Title</description>
            <datatype>ST</datatype>
        </field>
        <field minOccurs="0" maxOccurs="0">
            <name>FAC.7</name>
            <description>Contact Address</description>
            <datatype>XAD</datatype>
        </field>
        <field minOccurs="0" maxOccurs="0">
            <name>FAC.8</name>
            <description>Contact Telecommunication</description>
            <datatype>XTN</datatype>
        </field>
        <field minOccurs="1" maxOccurs="0">
            <name>FAC.9</name>
            <description>Signature Authority</description>
            <datatype>XCN</datatype>
        </field>
        <field minOccurs="0" maxOccurs="0">
            <name>FAC.10</name>
            <description>Signature Authority Title</description>
            <datatype>ST</datatype>
        </field>
        <field minOccurs="0" maxOccurs="0">
            <name>FAC.11</name>
            <description>Signature Authority Address</description>
            <datatype>XAD</datatype>
        </field>
        <field minOccurs="0" maxOccurs="0">
            <name>FAC.12</name>
            <description>Signature Authority Telecommunication</description>
            <datatype>XTN</datatype>
        </field>
    </elements>
</segment>
