<?xml version="1.0" encoding="UTF-8"?>
<segment>
    <name>RXA</name>
    <description>Pharmacy/Treatment Administration</description>
    <elements>
        <field minOccurs="1" maxOccurs="0">
            <name>RXA.1</name>
            <description>Give Sub-Id Counter</description>
            <datatype>NM</datatype>
        </field>
        <field minOccurs="1" maxOccurs="0">
            <name>RXA.2</name>
            <description>Administration Sub-Id Counter</description>
            <datatype>NM</datatype>
        </field>
        <field minOccurs="1" maxOccurs="0">
            <name>RXA.3</name>
            <description>Date/Time Start of Administration</description>
            <datatype>TS</datatype>
        </field>
        <field minOccurs="1" maxOccurs="0">
            <name>RXA.4</name>
            <description>Date/Time End of Administration</description>
            <datatype>TS</datatype>
        </field>
        <field minOccurs="1" maxOccurs="0">
            <name>RXA.5</name>
            <description>Administered Code</description>
            <datatype>CE</datatype>
        </field>
        <field minOccurs="1" maxOccurs="0">
            <name>RXA.6</name>
            <description>Administered Amount</description>
            <datatype>NM</datatype>
        </field>
        <field minOccurs="0" maxOccurs="0">
            <name>RXA.7</name>
            <description>Administered Units</description>
            <datatype>CE</datatype>
        </field>
        <field minOccurs="0" maxOccurs="0">
            <name>RXA.8</name>
            <description>Administered Dosage Form</description>
            <datatype>CE</datatype>
        </field>
        <field minOccurs="0" maxOccurs="0">
            <name>RXA.9</name>
            <description>Administration Notes</description>
            <datatype>CE</datatype>
        </field>
        <field minOccurs="0" maxOccurs="0">
            <name>RXA.10</name>
            <description>Administering Provider</description>
            <datatype>XCN</datatype>
        </field>
        <field minOccurs="0" maxOccurs="0">
            <name>RXA.11</name>
            <description>Administered-at Location</description>
            <datatype>LA2</datatype>
        </field>
        <field minOccurs="0" maxOccurs="0">
            <name>RXA.12</name>
            <description>Administered Per (time Unit)</description>
            <datatype>ST</datatype>
        </field>
        <field minOccurs="0" maxOccurs="0">
            <name>RXA.13</name>
            <description>Administered Strength</description>
            <datatype>NM</datatype>
        </field>
        <field minOccurs="0" maxOccurs="0">
            <name>RXA.14</name>
            <description>Administered Strength Units</description>
            <datatype>CE</datatype>
        </field>
        <field minOccurs="0" maxOccurs="0">
            <name>RXA.15</name>
            <description>Substance Lot Number</description>
            <datatype>ST</datatype>
        </field>
        <field minOccurs="0" maxOccurs="0">
            <name>RXA.16</name>
            <description>Substance Expiration Date</description>
            <datatype>TS</datatype>
        </field>
        <field minOccurs="0" maxOccurs="0">
            <name>RXA.17</name>
            <description>Substance Manufacturer Name</description>
            <datatype>CE</datatype>
        </field>
        <field minOccurs="0" maxOccurs="0">
            <name>RXA.18</name>
            <description>Substance Refusal Reason</description>
            <datatype>CE</datatype>
        </field>
        <field minOccurs="0" maxOccurs="0">
            <name>RXA.19</name>
            <description>Indication</description>
            <datatype>CE</datatype>
        </field>
        <field minOccurs="0" maxOccurs="0">
            <name>RXA.20</name>
            <description>Completion Status</description>
            <datatype>ID</datatype>
        </field>
        <field minOccurs="0" maxOccurs="0">
            <name>RXA.21</name>
            <description>Action Code</description>
            <datatype>ID</datatype>
        </field>
        <field minOccurs="0" maxOccurs="0">
            <name>RXA.22</name>
            <description>System Entry Date/Time</description>
            <datatype>TS</datatype>
        </field>
    </elements>
</segment>
