<?xml version="1.0" encoding="UTF-8"?>
<segment>
    <name>PRD</name>
    <description>Provider Data</description>
    <elements>
        <field minOccurs="1" maxOccurs="0">
            <name>PRD.1</name>
            <description>Provider Role</description>
            <datatype>CE</datatype>
        </field>
        <field minOccurs="0" maxOccurs="0">
            <name>PRD.2</name>
            <description>Provider Name</description>
            <datatype>XPN</datatype>
        </field>
        <field minOccurs="0" maxOccurs="0">
            <name>PRD.3</name>
            <description>Provider Address</description>
            <datatype>XAD</datatype>
        </field>
        <field minOccurs="0" maxOccurs="0">
            <name>PRD.4</name>
            <description>Provider Location</description>
            <datatype>PL</datatype>
        </field>
        <field minOccurs="0" maxOccurs="0">
            <name>PRD.5</name>
            <description>Provider Communication Information</description>
            <datatype>XTN</datatype>
        </field>
        <field minOccurs="0" maxOccurs="0">
            <name>PRD.6</name>
            <description>Preferred Method of Contact</description>
            <datatype>CE</datatype>
        </field>
        <field minOccurs="0" maxOccurs="0">
            <name>PRD.7</name>
            <description>Provider Identifiers</description>
            <datatype>PI</datatype>
        </field>
        <field minOccurs="0" maxOccurs="0">
            <name>PRD.8</name>
            <description>Effective Start Date of Provider Role</description>
            <datatype>TS</datatype>
        </field>
        <field minOccurs="0" maxOccurs="0">
            <name>PRD.9</name>
            <description>Effective End Date of Provider Role</description>
            <datatype>TS</datatype>
        </field>
    </elements>
</segment>
