<?xml version="1.0" encoding="UTF-8"?>
<segment>
    <name>SCH</name>
    <description>Schedule Activity Information</description>
    <elements>
        <field minOccurs="0" maxOccurs="0">
            <name>SCH.1</name>
            <description>Placer Appointment ID</description>
            <datatype>EI</datatype>
        </field>
        <field minOccurs="0" maxOccurs="0">
            <name>SCH.2</name>
            <description>Filler Appointment ID</description>
            <datatype>EI</datatype>
        </field>
        <field minOccurs="0" maxOccurs="0">
            <name>SCH.3</name>
            <description>Occurrence Number</description>
            <datatype>NM</datatype>
        </field>
        <field minOccurs="0" maxOccurs="0">
            <name>SCH.4</name>
            <description>Placer Group Number</description>
            <datatype>EI</datatype>
        </field>
        <field minOccurs="0" maxOccurs="0">
            <name>SCH.5</name>
            <description>Schedule ID</description>
            <datatype>CE</datatype>
        </field>
        <field minOccurs="1" maxOccurs="0">
            <name>SCH.6</name>
            <description>Event Reason</description>
            <datatype>CE</datatype>
        </field>
        <field minOccurs="0" maxOccurs="0">
            <name>SCH.7</name>
            <description>Appointment Reason</description>
            <datatype>CE</datatype>
        </field>
        <field minOccurs="0" maxOccurs="0">
            <name>SCH.8</name>
            <description>Appointment Type</description>
            <datatype>CE</datatype>
        </field>
        <field minOccurs="0" maxOccurs="0">
            <name>SCH.9</name>
            <description>Appointment Duration</description>
            <datatype>NM</datatype>
        </field>
        <field minOccurs="0" maxOccurs="0">
            <name>SCH.10</name>
            <description>Appointment Duration Units</description>
            <datatype>CE</datatype>
        </field>
        <field minOccurs="1" maxOccurs="0">
            <name>SCH.11</name>
            <description>Appointment Timing Quantity</description>
            <datatype>TQ</datatype>
        </field>
        <field minOccurs="0" maxOccurs="0">
            <name>SCH.12</name>
            <description>Placer Contact Person</description>
            <datatype>XCN</datatype>
        </field>
        <field minOccurs="0" maxOccurs="0">
            <name>SCH.13</name>
            <description>Placer Contact Phone Number</description>
            <datatype>XTN</datatype>
        </field>
        <field minOccurs="0" maxOccurs="0">
            <name>SCH.14</name>
            <description>Placer Contact Address</description>
            <datatype>XAD</datatype>
        </field>
        <field minOccurs="0" maxOccurs="0">
            <name>SCH.15</name>
            <description>Placer Contact Location</description>
            <datatype>PL</datatype>
        </field>
        <field minOccurs="1" maxOccurs="0">
            <name>SCH.16</name>
            <description>Filler Contact Person</description>
            <datatype>XCN</datatype>
        </field>
        <field minOccurs="0" maxOccurs="0">
            <name>SCH.17</name>
            <description>Filler Contact Phone Number</description>
            <datatype>XTN</datatype>
        </field>
        <field minOccurs="0" maxOccurs="0">
            <name>SCH.18</name>
            <description>Filler Contact Address</description>
            <datatype>XAD</datatype>
        </field>
        <field minOccurs="0" maxOccurs="0">
            <name>SCH.19</name>
            <description>Filler Contact Location</description>
            <datatype>PL</datatype>
        </field>
        <field minOccurs="1" maxOccurs="0">
            <name>SCH.20</name>
            <description>Entered by Person</description>
            <datatype>XCN</datatype>
        </field>
        <field minOccurs="0" maxOccurs="0">
            <name>SCH.21</name>
            <description>Entered by Phone Number</description>
            <datatype>XTN</datatype>
        </field>
        <field minOccurs="0" maxOccurs="0">
            <name>SCH.22</name>
            <description>Entered by Location</description>
            <datatype>PL</datatype>
        </field>
        <field minOccurs="0" maxOccurs="0">
            <name>SCH.23</name>
            <description>Parent Placer Appointment ID</description>
            <datatype>EI</datatype>
        </field>
        <field minOccurs="0" maxOccurs="0">
            <name>SCH.24</name>
            <description>Parent Filler Appointment ID</description>
            <datatype>EI</datatype>
        </field>
        <field minOccurs="0" maxOccurs="0">
            <name>SCH.25</name>
            <description>Filler Status Code</description>
            <datatype>CE</datatype>
        </field>
    </elements>
</segment>
