<?xml version="1.0" encoding="UTF-8"?>
<segment>
    <name>RDF</name>
    <description>Table Row Definition</description>
    <elements>
        <field minOccurs="1" maxOccurs="0">
            <name>RDF.1</name>
            <description>Number of Columns Per Row</description>
            <datatype>NM</datatype>
        </field>
        <field minOccurs="1" maxOccurs="0">
            <name>RDF.2</name>
            <description>Column Description</description>
            <datatype>RCD</datatype>
        </field>
    </elements>
</segment>
