<?xml version="1.0" encoding="UTF-8"?>
<segment>
    <name>PV1</name>
    <description>Patient Visit</description>
    <elements>
        <field minOccurs="0" maxOccurs="0">
            <name>PV1.1</name>
            <description>Set ID</description>
            <datatype>SI</datatype>
        </field>
        <field minOccurs="1" maxOccurs="0">
            <name>PV1.2</name>
            <description>Patient Class</description>
            <datatype>IS</datatype>
        </field>
        <field minOccurs="0" maxOccurs="0">
            <name>PV1.3</name>
            <description>Assigned Patient Location</description>
            <datatype>PL</datatype>
        </field>
        <field minOccurs="0" maxOccurs="0">
            <name>PV1.4</name>
            <description>Admission Type</description>
            <datatype>IS</datatype>
        </field>
        <field minOccurs="0" maxOccurs="0">
            <name>PV1.5</name>
            <description>Preadmit Number</description>
            <datatype>CX</datatype>
        </field>
        <field minOccurs="0" maxOccurs="0">
            <name>PV1.6</name>
            <description>Prior Patient Location</description>
            <datatype>PL</datatype>
        </field>
        <field minOccurs="0" maxOccurs="0">
            <name>PV1.7</name>
            <description>Attending Doctor</description>
            <datatype>XCN</datatype>
        </field>
        <field minOccurs="0" maxOccurs="0">
            <name>PV1.8</name>
            <description>Referring Doctor</description>
            <datatype>XCN</datatype>
        </field>
        <field minOccurs="0" maxOccurs="0">
            <name>PV1.9</name>
            <description>Consulting Doctor</description>
            <datatype>XCN</datatype>
        </field>
        <field minOccurs="0" maxOccurs="0">
            <name>PV1.10</name>
            <description>Hospital Service</description>
            <datatype>IS</datatype>
        </field>
        <field minOccurs="0" maxOccurs="0">
            <name>PV1.11</name>
            <description>Temporary Location</description>
            <datatype>PL</datatype>
        </field>
        <field minOccurs="0" maxOccurs="0">
            <name>PV1.12</name>
            <description>Preadmit Test Indicator</description>
            <datatype>IS</datatype>
        </field>
        <field minOccurs="0" maxOccurs="0">
            <name>PV1.13</name>
            <description>Re-admission Indicator</description>
            <datatype>IS</datatype>
        </field>
        <field minOccurs="0" maxOccurs="0">
            <name>PV1.14</name>
            <description>Admit Source</description>
            <datatype>IS</datatype>
        </field>
        <field minOccurs="0" maxOccurs="0">
            <name>PV1.15</name>
            <description>Ambulatory Status</description>
            <datatype>IS</datatype>
        </field>
        <field minOccurs="0" maxOccurs="0">
            <name>PV1.16</name>
            <description>Vip Indicator</description>
            <datatype>IS</datatype>
        </field>
        <field minOccurs="0" maxOccurs="0">
            <name>PV1.17</name>
            <description>Admitting Doctor</description>
            <datatype>XCN</datatype>
        </field>
        <field minOccurs="0" maxOccurs="0">
            <name>PV1.18</name>
            <description>Patient Type</description>
            <datatype>IS</datatype>
        </field>
        <field minOccurs="0" maxOccurs="0">
            <name>PV1.19</name>
            <description>Visit Number</description>
            <datatype>CX</datatype>
        </field>
        <field minOccurs="0" maxOccurs="0">
            <name>PV1.20</name>
            <description>Financial Class</description>
            <datatype>FC</datatype>
        </field>
        <field minOccurs="0" maxOccurs="0">
            <name>PV1.21</name>
            <description>Charge Price Indicator</description>
            <datatype>IS</datatype>
        </field>
        <field minOccurs="0" maxOccurs="0">
            <name>PV1.22</name>
            <description>Courtesy Code</description>
            <datatype>IS</datatype>
        </field>
        <field minOccurs="0" maxOccurs="0">
            <name>PV1.23</name>
            <description>Credit Rating</description>
            <datatype>IS</datatype>
        </field>
        <field minOccurs="0" maxOccurs="0">
            <name>PV1.24</name>
            <description>Contract Code</description>
            <datatype>IS</datatype>
        </field>
        <field minOccurs="0" maxOccurs="0">
            <name>PV1.25</name>
            <description>Contract Effective Date</description>
            <datatype>DT</datatype>
        </field>
        <field minOccurs="0" maxOccurs="0">
            <name>PV1.26</name>
            <description>Contract Amount</description>
            <datatype>NM</datatype>
        </field>
        <field minOccurs="0" maxOccurs="0">
            <name>PV1.27</name>
            <description>Contract Period</description>
            <datatype>NM</datatype>
        </field>
        <field minOccurs="0" maxOccurs="0">
            <name>PV1.28</name>
            <description>Interest Code</description>
            <datatype>IS</datatype>
        </field>
        <field minOccurs="0" maxOccurs="0">
            <name>PV1.29</name>
            <description>Transfer to Bad Debt Code</description>
            <datatype>IS</datatype>
        </field>
        <field minOccurs="0" maxOccurs="0">
            <name>PV1.30</name>
            <description>Transfer to Bad Debt Date</description>
            <datatype>DT</datatype>
        </field>
        <field minOccurs="0" maxOccurs="0">
            <name>PV1.31</name>
            <description>Bad Debt Agency Code</description>
            <datatype>IS</datatype>
        </field>
        <field minOccurs="0" maxOccurs="0">
            <name>PV1.32</name>
            <description>Bad Debt Transfer Amount</description>
            <datatype>NM</datatype>
        </field>
        <field minOccurs="0" maxOccurs="0">
            <name>PV1.33</name>
            <description>Bad Debt Recovery Amount</description>
            <datatype>NM</datatype>
        </field>
        <field minOccurs="0" maxOccurs="0">
            <name>PV1.34</name>
            <description>Delete Account Indicator</description>
            <datatype>IS</datatype>
        </field>
        <field minOccurs="0" maxOccurs="0">
            <name>PV1.35</name>
            <description>Delete Account Date</description>
            <datatype>DT</datatype>
        </field>
        <field minOccurs="0" maxOccurs="0">
            <name>PV1.36</name>
            <description>Discharge Disposition</description>
            <datatype>IS</datatype>
        </field>
        <field minOccurs="0" maxOccurs="0">
            <name>PV1.37</name>
            <description>Discharged to Location</description>
            <datatype>DLD</datatype>
        </field>
        <field minOccurs="0" maxOccurs="0">
            <name>PV1.38</name>
            <description>Diet Type</description>
            <datatype>CE</datatype>
        </field>
        <field minOccurs="0" maxOccurs="0">
            <name>PV1.39</name>
            <description>Servicing Facility</description>
            <datatype>IS</datatype>
        </field>
        <field minOccurs="0" maxOccurs="0">
            <name>PV1.40</name>
            <description>Bed Status</description>
            <datatype>IS</datatype>
        </field>
        <field minOccurs="0" maxOccurs="0">
            <name>PV1.41</name>
            <description>Account Status</description>
            <datatype>IS</datatype>
        </field>
        <field minOccurs="0" maxOccurs="0">
            <name>PV1.42</name>
            <description>Pending Location</description>
            <datatype>PL</datatype>
        </field>
        <field minOccurs="0" maxOccurs="0">
            <name>PV1.43</name>
            <description>Prior Temporary Location</description>
            <datatype>PL</datatype>
        </field>
        <field minOccurs="0" maxOccurs="0">
            <name>PV1.44</name>
            <description>Admit Date/Time</description>
            <datatype>TS</datatype>
        </field>
        <field minOccurs="0" maxOccurs="0">
            <name>PV1.45</name>
            <description>Discharge Date/Time</description>
            <datatype>TS</datatype>
        </field>
        <field minOccurs="0" maxOccurs="0">
            <name>PV1.46</name>
            <description>Current Patient Balance</description>
            <datatype>NM</datatype>
        </field>
        <field minOccurs="0" maxOccurs="0">
            <name>PV1.47</name>
            <description>Total Charges</description>
            <datatype>NM</datatype>
        </field>
        <field minOccurs="0" maxOccurs="0">
            <name>PV1.48</name>
            <description>Total Adjustments</description>
            <datatype>NM</datatype>
        </field>
        <field minOccurs="0" maxOccurs="0">
            <name>PV1.49</name>
            <description>Total Payments</description>
            <datatype>NM</datatype>
        </field>
        <field minOccurs="0" maxOccurs="0">
            <name>PV1.50</name>
            <description>Alternate Visit ID</description>
            <datatype>CX</datatype>
        </field>
        <field minOccurs="0" maxOccurs="0">
            <name>PV1.51</name>
            <description>Visit Indicator</description>
            <datatype>IS</datatype>
        </field>
        <field minOccurs="0" maxOccurs="0">
            <name>PV1.52</name>
            <description>Other Healthcare Provider</description>
            <datatype>XCN</datatype>
        </field>
    </elements>
</segment>
