<?xml version="1.0" encoding="UTF-8"?>
<segment>
    <name>VTQ</name>
    <description>Virtual Table Query Request</description>
    <elements>
        <field minOccurs="0" maxOccurs="0">
            <name>VTQ.1</name>
            <description>Query Tag</description>
            <datatype>ST</datatype>
        </field>
        <field minOccurs="1" maxOccurs="0">
            <name>VTQ.2</name>
            <description>Query/ Response Format Code</description>
            <datatype>ID</datatype>
        </field>
        <field minOccurs="1" maxOccurs="0">
            <name>VTQ.3</name>
            <description>VT Query Name</description>
            <datatype>CE</datatype>
        </field>
        <field minOccurs="1" maxOccurs="0">
            <name>VTQ.4</name>
            <description>Virtual Table Name</description>
            <datatype>CE</datatype>
        </field>
        <field minOccurs="0" maxOccurs="0">
            <name>VTQ.5</name>
            <description>Selection Criteria</description>
            <datatype>QSC</datatype>
        </field>
    </elements>
</segment>
