<?xml version="1.0" encoding="UTF-8"?>
<segment>
    <name>PCR</name>
    <description>Possible Causal Relationship</description>
    <elements>
        <field minOccurs="1" maxOccurs="0">
            <name>PCR.1</name>
            <description>Implicated Product</description>
            <datatype>CE</datatype>
        </field>
        <field minOccurs="0" maxOccurs="0">
            <name>PCR.2</name>
            <description>Generic Product</description>
            <datatype>IS</datatype>
        </field>
        <field minOccurs="0" maxOccurs="0">
            <name>PCR.3</name>
            <description>Product Class</description>
            <datatype>CE</datatype>
        </field>
        <field minOccurs="0" maxOccurs="0">
            <name>PCR.4</name>
            <description>Total Duration of Therapy</description>
            <datatype>CQ</datatype>
        </field>
        <field minOccurs="0" maxOccurs="0">
            <name>PCR.5</name>
            <description>Product Manufacture Date</description>
            <datatype>TS</datatype>
        </field>
        <field minOccurs="0" maxOccurs="0">
            <name>PCR.6</name>
            <description>Product Expiration Date</description>
            <datatype>TS</datatype>
        </field>
        <field minOccurs="0" maxOccurs="0">
            <name>PCR.7</name>
            <description>Product Implantation Date</description>
            <datatype>TS</datatype>
        </field>
        <field minOccurs="0" maxOccurs="0">
            <name>PCR.8</name>
            <description>Product Explantation Date</description>
            <datatype>TS</datatype>
        </field>
        <field minOccurs="0" maxOccurs="0">
            <name>PCR.9</name>
            <description>Single Use Device</description>
            <datatype>IS</datatype>
        </field>
        <field minOccurs="0" maxOccurs="0">
            <name>PCR.10</name>
            <description>Indication For Product Use</description>
            <datatype>CE</datatype>
        </field>
        <field minOccurs="0" maxOccurs="0">
            <name>PCR.11</name>
            <description>Product Problem</description>
            <datatype>IS</datatype>
        </field>
        <field minOccurs="0" maxOccurs="0">
            <name>PCR.12</name>
            <description>Product Serial/Lot Number</description>
            <datatype>ST</datatype>
        </field>
        <field minOccurs="0" maxOccurs="0">
            <name>PCR.13</name>
            <description>Product Available For Inspection</description>
            <datatype>IS</datatype>
        </field>
        <field minOccurs="0" maxOccurs="0">
            <name>PCR.14</name>
            <description>Product Evaluation Performed</description>
            <datatype>CE</datatype>
        </field>
        <field minOccurs="0" maxOccurs="0">
            <name>PCR.15</name>
            <description>Product Evaluation Status</description>
            <datatype>CE</datatype>
        </field>
        <field minOccurs="0" maxOccurs="0">
            <name>PCR.16</name>
            <description>Product Evaluation Results</description>
            <datatype>CE</datatype>
        </field>
        <field minOccurs="0" maxOccurs="0">
            <name>PCR.17</name>
            <description>Evaluated Product Source</description>
            <datatype>ID</datatype>
        </field>
        <field minOccurs="0" maxOccurs="0">
            <name>PCR.18</name>
            <description>Date Product Returned to Manufacturer</description>
            <datatype>TS</datatype>
        </field>
        <field minOccurs="0" maxOccurs="0">
            <name>PCR.19</name>
            <description>Device Operator Qualifications</description>
            <datatype>ID</datatype>
        </field>
        <field minOccurs="0" maxOccurs="0">
            <name>PCR.20</name>
            <description>Relatedness Assessment</description>
            <datatype>ID</datatype>
        </field>
        <field minOccurs="0" maxOccurs="0">
            <name>PCR.21</name>
            <description>Action Taken In Response to the Event</description>
            <datatype>ID</datatype>
        </field>
        <field minOccurs="0" maxOccurs="0">
            <name>PCR.22</name>
            <description>Event Causality Observations</description>
            <datatype>ID</datatype>
        </field>
        <field minOccurs="0" maxOccurs="0">
            <name>PCR.23</name>
            <description>Indirect Exposure Mechanism</description>
            <datatype>ID</datatype>
        </field>
    </elements>
</segment>
