<?xml version="1.0" encoding="UTF-8"?>
<segment>
    <name>OBR</name>
    <description>Observation Request</description>
    <elements>
        <field minOccurs="0" maxOccurs="0">
            <name>OBR.1</name>
            <description>Set ID</description>
            <datatype>SI</datatype>
        </field>
        <field minOccurs="0" maxOccurs="0">
            <name>OBR.2</name>
            <description>Placer Order Number</description>
            <datatype>EI</datatype>
        </field>
        <field minOccurs="0" maxOccurs="0">
            <name>OBR.3</name>
            <description>Filler Order Number</description>
            <datatype>EI</datatype>
        </field>
        <field minOccurs="1" maxOccurs="0">
            <name>OBR.4</name>
            <description>Universal Service ID</description>
            <datatype>CE</datatype>
        </field>
        <field minOccurs="0" maxOccurs="0">
            <name>OBR.5</name>
            <description>Priority</description>
            <datatype>ID</datatype>
        </field>
        <field minOccurs="0" maxOccurs="0">
            <name>OBR.6</name>
            <description>Requested Date/Time</description>
            <datatype>TS</datatype>
        </field>
        <field minOccurs="0" maxOccurs="0">
            <name>OBR.7</name>
            <description>Observation Date/Time #</description>
            <datatype>TS</datatype>
        </field>
        <field minOccurs="0" maxOccurs="0">
            <name>OBR.8</name>
            <description>Observation End Date/Time #</description>
            <datatype>TS</datatype>
        </field>
        <field minOccurs="0" maxOccurs="0">
            <name>OBR.9</name>
            <description>Collection Volume *</description>
            <datatype>CQ</datatype>
        </field>
        <field minOccurs="0" maxOccurs="0">
            <name>OBR.10</name>
            <description>Collector Identifier *</description>
            <datatype>XCN</datatype>
        </field>
        <field minOccurs="0" maxOccurs="0">
            <name>OBR.11</name>
            <description>Specimen Action Code *</description>
            <datatype>ID</datatype>
        </field>
        <field minOccurs="0" maxOccurs="0">
            <name>OBR.12</name>
            <description>Danger Code</description>
            <datatype>CE</datatype>
        </field>
        <field minOccurs="0" maxOccurs="0">
            <name>OBR.13</name>
            <description>Relevant Clinical Info.</description>
            <datatype>ST</datatype>
        </field>
        <field minOccurs="0" maxOccurs="0">
            <name>OBR.14</name>
            <description>Specimen Received Date/Time *</description>
            <datatype>TS</datatype>
        </field>
        <field minOccurs="0" maxOccurs="0">
            <name>OBR.15</name>
            <description>Specimen Source</description>
            <datatype>SPS</datatype>
        </field>
        <field minOccurs="0" maxOccurs="0">
            <name>OBR.16</name>
            <description>Ordering Provider</description>
            <datatype>XCN</datatype>
        </field>
        <field minOccurs="0" maxOccurs="0">
            <name>OBR.17</name>
            <description>Order Callback Phone Number</description>
            <datatype>XTN</datatype>
        </field>
        <field minOccurs="0" maxOccurs="0">
            <name>OBR.18</name>
            <description>Placer Field 1</description>
            <datatype>ST</datatype>
        </field>
        <field minOccurs="0" maxOccurs="0">
            <name>OBR.19</name>
            <description>Placer Field 2</description>
            <datatype>ST</datatype>
        </field>
        <field minOccurs="0" maxOccurs="0">
            <name>OBR.20</name>
            <description>Filler Field 1 +</description>
            <datatype>ST</datatype>
        </field>
        <field minOccurs="0" maxOccurs="0">
            <name>OBR.21</name>
            <description>Filler Field 2 +</description>
            <datatype>ST</datatype>
        </field>
        <field minOccurs="0" maxOccurs="0">
            <name>OBR.22</name>
            <description>Results Rpt/Status Chng - Date/Time +</description>
            <datatype>TS</datatype>
        </field>
        <field minOccurs="0" maxOccurs="0">
            <name>OBR.23</name>
            <description>Charge to Practice +</description>
            <datatype>MOC</datatype>
        </field>
        <field minOccurs="0" maxOccurs="0">
            <name>OBR.24</name>
            <description>Diagnostic Serv Sect ID</description>
            <datatype>ID</datatype>
        </field>
        <field minOccurs="0" maxOccurs="0">
            <name>OBR.25</name>
            <description>Result Status +</description>
            <datatype>ID</datatype>
        </field>
        <field minOccurs="0" maxOccurs="0">
            <name>OBR.26</name>
            <description>Parent Result +</description>
            <datatype>PRL</datatype>
        </field>
        <field minOccurs="0" maxOccurs="0">
            <name>OBR.27</name>
            <description>Quantity/Timing</description>
            <datatype>TQ</datatype>
        </field>
        <field minOccurs="0" maxOccurs="0">
            <name>OBR.28</name>
            <description>Result Copies To</description>
            <datatype>XCN</datatype>
        </field>
        <field minOccurs="0" maxOccurs="0">
            <name>OBR.29</name>
            <description>Parent</description>
            <datatype>EIP</datatype>
        </field>
        <field minOccurs="0" maxOccurs="0">
            <name>OBR.30</name>
            <description>Transportation Mode</description>
            <datatype>ID</datatype>
        </field>
        <field minOccurs="0" maxOccurs="0">
            <name>OBR.31</name>
            <description>Reason For Study</description>
            <datatype>CE</datatype>
        </field>
        <field minOccurs="0" maxOccurs="0">
            <name>OBR.32</name>
            <description>Principal Result Interpreter +</description>
            <datatype>NDL</datatype>
        </field>
        <field minOccurs="0" maxOccurs="0">
            <name>OBR.33</name>
            <description>Assistant Result Interpreter +</description>
            <datatype>NDL</datatype>
        </field>
        <field minOccurs="0" maxOccurs="0">
            <name>OBR.34</name>
            <description>Technician +</description>
            <datatype>NDL</datatype>
        </field>
        <field minOccurs="0" maxOccurs="0">
            <name>OBR.35</name>
            <description>Transcriptionist +</description>
            <datatype>NDL</datatype>
        </field>
        <field minOccurs="0" maxOccurs="0">
            <name>OBR.36</name>
            <description>Scheduled Date/Time +</description>
            <datatype>TS</datatype>
        </field>
        <field minOccurs="0" maxOccurs="0">
            <name>OBR.37</name>
            <description>Number of Sample Containers *</description>
            <datatype>NM</datatype>
        </field>
        <field minOccurs="0" maxOccurs="0">
            <name>OBR.38</name>
            <description>Transport Logistics of Collected Sample *</description>
            <datatype>CE</datatype>
        </field>
        <field minOccurs="0" maxOccurs="0">
            <name>OBR.39</name>
            <description>Collector's Comment *</description>
            <datatype>CE</datatype>
        </field>
        <field minOccurs="0" maxOccurs="0">
            <name>OBR.40</name>
            <description>Transport Arrangement Responsibility</description>
            <datatype>CE</datatype>
        </field>
        <field minOccurs="0" maxOccurs="0">
            <name>OBR.41</name>
            <description>Transport Arranged</description>
            <datatype>ID</datatype>
        </field>
        <field minOccurs="0" maxOccurs="0">
            <name>OBR.42</name>
            <description>Escort Required</description>
            <datatype>ID</datatype>
        </field>
        <field minOccurs="0" maxOccurs="0">
            <name>OBR.43</name>
            <description>Planned Patient Transport Comment</description>
            <datatype>CE</datatype>
        </field>
        <field minOccurs="0" maxOccurs="0">
            <name>OBR.44</name>
            <description>Procedure Code</description>
            <datatype>CE</datatype>
        </field>
        <field minOccurs="0" maxOccurs="0">
            <name>OBR.45</name>
            <description>Procedure Code Modifier</description>
            <datatype>CE</datatype>
        </field>
    </elements>
</segment>
