<?xml version="1.0" encoding="UTF-8"?>
<segment>
    <name>NPU</name>
    <description>Bed Status Update</description>
    <elements>
        <field minOccurs="1" maxOccurs="0">
            <name>NPU.1</name>
            <description>Bed Location</description>
            <datatype>PL</datatype>
        </field>
        <field minOccurs="0" maxOccurs="0">
            <name>NPU.2</name>
            <description>Bed Status</description>
            <datatype>IS</datatype>
        </field>
    </elements>
</segment>
