<?xml version="1.0" encoding="UTF-8"?>
<segment>
    <name>PRA</name>
    <description>Practitioner Detail</description>
    <elements>
        <field minOccurs="1" maxOccurs="0">
            <name>PRA.1</name>
            <description>Primary Key Value</description>
            <datatype>CE</datatype>
        </field>
        <field minOccurs="0" maxOccurs="0">
            <name>PRA.2</name>
            <description>Practitioner Group</description>
            <datatype>CE</datatype>
        </field>
        <field minOccurs="0" maxOccurs="0">
            <name>PRA.3</name>
            <description>Practitioner Category</description>
            <datatype>IS</datatype>
        </field>
        <field minOccurs="0" maxOccurs="0">
            <name>PRA.4</name>
            <description>Provider Billing</description>
            <datatype>ID</datatype>
        </field>
        <field minOccurs="0" maxOccurs="0">
            <name>PRA.5</name>
            <description>Specialty</description>
            <datatype>SPD</datatype>
        </field>
        <field minOccurs="0" maxOccurs="0">
            <name>PRA.6</name>
            <description>Practitioner ID Numbers</description>
            <datatype>PLN</datatype>
        </field>
        <field minOccurs="0" maxOccurs="0">
            <name>PRA.7</name>
            <description>Privileges</description>
            <datatype>PIP</datatype>
        </field>
        <field minOccurs="0" maxOccurs="0">
            <name>PRA.8</name>
            <description>Date Entered Practice</description>
            <datatype>DT</datatype>
        </field>
    </elements>
</segment>
