<?xml version="1.0" encoding="UTF-8"?>
<segment>
    <name>RQ1</name>
    <description>Requisition Detail - 1</description>
    <elements>
        <field minOccurs="0" maxOccurs="0">
            <name>RQ1.1</name>
            <description>Anticipated Price</description>
            <datatype>ST</datatype>
        </field>
        <field minOccurs="0" maxOccurs="0">
            <name>RQ1.2</name>
            <description>Manufacturer ID</description>
            <datatype>CE</datatype>
        </field>
        <field minOccurs="0" maxOccurs="0">
            <name>RQ1.3</name>
            <description>Manufacturer's Catalog</description>
            <datatype>ST</datatype>
        </field>
        <field minOccurs="0" maxOccurs="0">
            <name>RQ1.4</name>
            <description>Vendor ID</description>
            <datatype>CE</datatype>
        </field>
        <field minOccurs="0" maxOccurs="0">
            <name>RQ1.5</name>
            <description>Vendor Catalog</description>
            <datatype>ST</datatype>
        </field>
        <field minOccurs="0" maxOccurs="0">
            <name>RQ1.6</name>
            <description>Taxable</description>
            <datatype>ID</datatype>
        </field>
        <field minOccurs="0" maxOccurs="0">
            <name>RQ1.7</name>
            <description>Substitute Allowed</description>
            <datatype>ID</datatype>
        </field>
    </elements>
</segment>
