<?xml version="1.0" encoding="UTF-8"?>
<segment>
    <name>CE</name>
    <description>Coded element</description>
    <elements>
        <field minOccurs="0" maxOccurs="0">
            <name>CE.1</name>
            <description>Identifier</description>
            <datatype>ST</datatype>
        </field>
        <field minOccurs="0" maxOccurs="0">
            <name>CE.2</name>
            <description>Text</description>
            <datatype>ST</datatype>
        </field>
        <field minOccurs="0" maxOccurs="0">
            <name>CE.3</name>
            <description>Name of coding system</description>
            <datatype>ST</datatype>
        </field>
    </elements>
</segment>
