<?xml version="1.0" encoding="UTF-8"?>
<message>
    <name>ORF</name>
    <description>Observation Result/Record Response</description>
    <segments>
        <segment>MSH</segment>
        <segment>MSA</segment>
        <group maxOccurs="unbounded">
            <segment>QRD</segment>
            <segment minOccurs="0">QRF</segment>
            <segment minOccurs="0">PID</segment>
            <segment minOccurs="0" maxOccurs="unbounded">NTE</segment>
            <group maxOccurs="unbounded">
                <segment minOccurs="0">ORC</segment>
                <segment>OBR</segment>
                <segment minOccurs="0" maxOccurs="unbounded">NTE</segment>
                <group maxOccurs="unbounded">
                    <segment minOccurs="0">OBX</segment>
                    <segment minOccurs="0" maxOccurs="unbounded">NTE</segment>
                </group>
            </group>
        </group>
        <segment minOccurs="0">DSC</segment>
    </segments>
</message>
