<?xml version="1.0" encoding="UTF-8"?>
<message>
    <name>ORM</name>
    <description>Order Message</description>
    <segments>
        <segment>MSH</segment>
        <segment minOccurs="0" maxOccurs="unbounded">NTE</segment>
        <group minOccurs="0">
            <segment>PID</segment>
            <segment minOccurs="0" maxOccurs="unbounded">NTE</segment>
            <segment minOccurs="0">PV1</segment>
        </group>
        <group maxOccurs="unbounded">
            <segment>ORC</segment>
            <group minOccurs="0">
                <group maxOccurs="unbounded">
                    <segment>ORO</segment>
                    <segment>OBR</segment>
                    <segment>RX1</segment>
                </group>
                <segment minOccurs="0" maxOccurs="unbounded">NTE</segment>
                <group maxOccurs="unbounded" minOccurs="0">
                    <segment>OBX</segment>
                    <segment minOccurs="0" maxOccurs="unbounded">NTE</segment>
                </group>
            </group>
            <segment minOccurs="0">BLG</segment>
        </group>
    </segments>
</message>
