<?xml version="1.0" encoding="UTF-8"?>
<segment>
    <name>IN1</name>
    <description>Insurance</description>
    <elements>
        <field minOccurs="1" maxOccurs="0">
            <name>IN1.1</name>
            <description>Set ID</description>
            <datatype>SI</datatype>
        </field>
        <field minOccurs="1" maxOccurs="0">
            <name>IN1.2</name>
            <description>Insurance Plan ID</description>
            <datatype>ID</datatype>
        </field>
        <field minOccurs="1" maxOccurs="0">
            <name>IN1.3</name>
            <description>Insurance Company ID</description>
            <datatype>ST</datatype>
        </field>
        <field minOccurs="0" maxOccurs="0">
            <name>IN1.4</name>
            <description>Insurance Company Name</description>
            <datatype>ST</datatype>
        </field>
        <field minOccurs="0" maxOccurs="0">
            <name>IN1.5</name>
            <description>Insurance Company Address</description>
            <datatype>AD</datatype>
        </field>
        <field minOccurs="0" maxOccurs="0">
            <name>IN1.6</name>
            <description>Insurance Co Contact Pers</description>
            <datatype>PN</datatype>
        </field>
        <field minOccurs="0" maxOccurs="0">
            <name>IN1.7</name>
            <description>Insurance Co Phone Number</description>
            <datatype>TN</datatype>
        </field>
        <field minOccurs="0" maxOccurs="0">
            <name>IN1.8</name>
            <description>Group Number</description>
            <datatype>ST</datatype>
        </field>
        <field minOccurs="0" maxOccurs="0">
            <name>IN1.9</name>
            <description>Group Name</description>
            <datatype>ST</datatype>
        </field>
        <field minOccurs="0" maxOccurs="0">
            <name>IN1.10</name>
            <description>Insured's Group Emp. ID</description>
            <datatype>ST</datatype>
        </field>
        <field minOccurs="0" maxOccurs="0">
            <name>IN1.11</name>
            <description>Insured's Group Emp. Name</description>
            <datatype>ST</datatype>
        </field>
        <field minOccurs="0" maxOccurs="0">
            <name>IN1.12</name>
            <description>Plan Effective Date</description>
            <datatype>DT</datatype>
        </field>
        <field minOccurs="0" maxOccurs="0">
            <name>IN1.13</name>
            <description>Plan Expiration Date</description>
            <datatype>DT</datatype>
        </field>
        <field minOccurs="0" maxOccurs="0">
            <name>IN1.14</name>
            <description>Authorization Information</description>
            <datatype>ST</datatype>
        </field>
        <field minOccurs="0" maxOccurs="0">
            <name>IN1.15</name>
            <description>Plan Type</description>
            <datatype>ID</datatype>
        </field>
        <field minOccurs="0" maxOccurs="0">
            <name>IN1.16</name>
            <description>Name of Insured</description>
            <datatype>PN</datatype>
        </field>
        <field minOccurs="0" maxOccurs="0">
            <name>IN1.17</name>
            <description>Insured's Relation to Pat</description>
            <datatype>ID</datatype>
        </field>
        <field minOccurs="0" maxOccurs="0">
            <name>IN1.18</name>
            <description>Insured's Date of Birth</description>
            <datatype>DT</datatype>
        </field>
        <field minOccurs="0" maxOccurs="0">
            <name>IN1.19</name>
            <description>Insured's Address</description>
            <datatype>AD</datatype>
        </field>
        <field minOccurs="0" maxOccurs="0">
            <name>IN1.20</name>
            <description>Assignment of Benefits</description>
            <datatype>ID</datatype>
        </field>
        <field minOccurs="0" maxOccurs="0">
            <name>IN1.21</name>
            <description>Coordination of Benefits</description>
            <datatype>ID</datatype>
        </field>
        <field minOccurs="0" maxOccurs="0">
            <name>IN1.22</name>
            <description>Coord. of Ben. Priority</description>
            <datatype>ST</datatype>
        </field>
        <field minOccurs="0" maxOccurs="0">
            <name>IN1.23</name>
            <description>Notice of Admission Code</description>
            <datatype>ID</datatype>
        </field>
        <field minOccurs="0" maxOccurs="0">
            <name>IN1.24</name>
            <description>Notice of Admission Date</description>
            <datatype>DT</datatype>
        </field>
        <field minOccurs="0" maxOccurs="0">
            <name>IN1.25</name>
            <description>Rpt of Eligibility Code</description>
            <datatype>ID</datatype>
        </field>
        <field minOccurs="0" maxOccurs="0">
            <name>IN1.26</name>
            <description>Rpt of Eligibility Date</description>
            <datatype>DT</datatype>
        </field>
        <field minOccurs="0" maxOccurs="0">
            <name>IN1.27</name>
            <description>Release Information Code</description>
            <datatype>ID</datatype>
        </field>
        <field minOccurs="0" maxOccurs="0">
            <name>IN1.28</name>
            <description>Pre-Admit Cert. (Pac)</description>
            <datatype>ST</datatype>
        </field>
        <field minOccurs="0" maxOccurs="0">
            <name>IN1.29</name>
            <description>Verification Date</description>
            <datatype>DT</datatype>
        </field>
        <field minOccurs="0" maxOccurs="0">
            <name>IN1.30</name>
            <description>Verification By</description>
            <datatype>CM</datatype>
        </field>
        <field minOccurs="0" maxOccurs="0">
            <name>IN1.31</name>
            <description>Type of Agreement Code</description>
            <datatype>ID</datatype>
        </field>
        <field minOccurs="0" maxOccurs="0">
            <name>IN1.32</name>
            <description>Billing Status</description>
            <datatype>ID</datatype>
        </field>
        <field minOccurs="0" maxOccurs="0">
            <name>IN1.33</name>
            <description>Lifetime Reserve Days</description>
            <datatype>NM</datatype>
        </field>
        <field minOccurs="0" maxOccurs="0">
            <name>IN1.34</name>
            <description>Delay Before L. R. Day</description>
            <datatype>NM</datatype>
        </field>
        <field minOccurs="0" maxOccurs="0">
            <name>IN1.35</name>
            <description>Company Plan Code</description>
            <datatype>ST</datatype>
        </field>
        <field minOccurs="0" maxOccurs="0">
            <name>IN1.36</name>
            <description>Policy Number</description>
            <datatype>ST</datatype>
        </field>
        <field minOccurs="0" maxOccurs="0">
            <name>IN1.37</name>
            <description>Policy Deductible</description>
            <datatype>NM</datatype>
        </field>
        <field minOccurs="0" maxOccurs="0">
            <name>IN1.38</name>
            <description>Policy Limit - Amount</description>
            <datatype>NM</datatype>
        </field>
        <field minOccurs="0" maxOccurs="0">
            <name>IN1.39</name>
            <description>Policy Limit - Days</description>
            <datatype>NM</datatype>
        </field>
        <field minOccurs="0" maxOccurs="0">
            <name>IN1.40</name>
            <description>Room Rate - Semi-Private</description>
            <datatype>NM</datatype>
        </field>
        <field minOccurs="0" maxOccurs="0">
            <name>IN1.41</name>
            <description>Room Rate - Private</description>
            <datatype>NM</datatype>
        </field>
        <field minOccurs="0" maxOccurs="0">
            <name>IN1.42</name>
            <description>Insured's Employ Status</description>
            <datatype>ID</datatype>
        </field>
        <field minOccurs="0" maxOccurs="0">
            <name>IN1.43</name>
            <description>Insured's Sex</description>
            <datatype>ID</datatype>
        </field>
        <field minOccurs="0" maxOccurs="0">
            <name>IN1.44</name>
            <description>Insured's Employer Addresss</description>
            <datatype>AD</datatype>
        </field>
    </elements>
</segment>
