<?xml version="1.0" encoding="UTF-8"?>
<segment>
    <name>MSA</name>
    <description>Message Acknowledgement</description>
    <elements>
        <field minOccurs="1" maxOccurs="0">
            <name>MSA.1</name>
            <description>Acknowledgement Code</description>
            <datatype>ID</datatype>
        </field>
        <field minOccurs="1" maxOccurs="0">
            <name>MSA.2</name>
            <description>Message Control ID</description>
            <datatype>ST</datatype>
        </field>
        <field minOccurs="0" maxOccurs="0">
            <name>MSA.3</name>
            <description>Text Message</description>
            <datatype>ST</datatype>
        </field>
        <field minOccurs="0" maxOccurs="0">
            <name>MSA.4</name>
            <description>Expected Sequence Number</description>
            <datatype>NM</datatype>
        </field>
        <field minOccurs="0" maxOccurs="0">
            <name>MSA.5</name>
            <description>Delayed Ack Type</description>
            <datatype>ID</datatype>
        </field>
    </elements>
</segment>
