<?xml version="1.0" encoding="UTF-8"?>
<segment>
    <name>NK1</name>
    <description>Next of Kin/Associated Parties</description>
    <elements>
        <field minOccurs="1" maxOccurs="0">
            <name>NK1.1</name>
            <description>Set ID</description>
            <datatype>SI</datatype>
        </field>
        <field minOccurs="0" maxOccurs="0">
            <name>NK1.2</name>
            <description>Next of Kin Name</description>
            <datatype>PN</datatype>
        </field>
        <field minOccurs="0" maxOccurs="0">
            <name>NK1.3</name>
            <description>Next of Kin Relationship</description>
            <datatype>ST</datatype>
        </field>
        <field minOccurs="0" maxOccurs="0">
            <name>NK1.4</name>
            <description>Next of Kin Address</description>
            <datatype>AD</datatype>
        </field>
        <field minOccurs="0" maxOccurs="unbounded">
            <name>NK1.5</name>
            <description>Next of Kin Phone Number</description>
            <datatype>TN</datatype>
        </field>
    </elements>
</segment>
