<?xml version="1.0" encoding="UTF-8"?>
<segment>
    <name>URS</name>
    <description>Unsolicited Selection</description>
    <elements>
        <field minOccurs="1" maxOccurs="unbounded">
            <name>URS.1</name>
            <description>R/U Where Subject Def.</description>
            <datatype>ST</datatype>
        </field>
        <field minOccurs="0" maxOccurs="0">
            <name>URS.2</name>
            <description>R/U When Start Dte/Tme</description>
            <datatype>TS</datatype>
        </field>
        <field minOccurs="0" maxOccurs="0">
            <name>URS.3</name>
            <description>R/U When End Dte/Tme</description>
            <datatype>TS</datatype>
        </field>
        <field minOccurs="0" maxOccurs="unbounded">
            <name>URS.4</name>
            <description>R/U What User Qualifier</description>
            <datatype>ST</datatype>
        </field>
        <field minOccurs="0" maxOccurs="unbounded">
            <name>URS.5</name>
            <description>R/U Oth Results Def.</description>
            <datatype>ST</datatype>
        </field>
    </elements>
</segment>
