<?xml version="1.0" encoding="UTF-8"?>
<segment>
    <name>PN</name>
    <description>Person Name</description>
    <elements>
        <field minOccurs="0" maxOccurs="0">
            <name>PN.1</name>
            <description>Family Name</description>
            <datatype>String</datatype>
        </field>
        <field minOccurs="0" maxOccurs="0">
            <name>PN.2</name>
            <description>Given Name</description>
            <datatype>String</datatype>
        </field>
        <field minOccurs="0" maxOccurs="0">
            <name>PN.3</name>
            <description>Middle Initial</description>
            <datatype>String</datatype>
        </field>
        <field minOccurs="0" maxOccurs="0">
            <name>PN.4</name>
            <description>Suffix</description>
            <datatype>String</datatype>
        </field>
        <field minOccurs="0" maxOccurs="0">
            <name>PN.5</name>
            <description>Prefix</description>
            <datatype>String</datatype>
        </field>
        <field minOccurs="0" maxOccurs="0">
            <name>PN.6</name>
            <description>Degree</description>
            <datatype>String</datatype>
        </field>
    </elements>
</segment>
