<?xml version="1.0" encoding="UTF-8"?>
<message>
    <name>ADTA17</name>
    <description>Swap Patients</description>
    <segments>
        <segment>MSH</segment>
        <segment>EVN</segment>
        <segment>PID</segment>
        <segment>PV1</segment>
        <segment minOccurs="0">PV2</segment>
        <segment minOccurs="0" maxOccurs="unbounded">OBX</segment>
        <segment>PID</segment>
        <segment>PV1</segment>
        <segment minOccurs="0">PV2</segment>
        <segment minOccurs="0" maxOccurs="unbounded">OBX</segment>
    </segments>
</message>
