<?xml version="1.0" encoding="UTF-8"?>
<message>
    <name>ADTA31</name>
    <description>Update Person Information</description>
    <segments>
        <segment>MSH</segment>
        <segment>EVN</segment>
        <segment>PID</segment>
        <segment minOccurs="0" maxOccurs="unbounded">NK1</segment>
        <segment minOccurs="0">PV1</segment>
        <segment minOccurs="0">PV2</segment>
        <segment minOccurs="0" maxOccurs="unbounded">OBX</segment>
        <segment minOccurs="0" maxOccurs="unbounded">AL1</segment>
        <segment minOccurs="0" maxOccurs="unbounded">DG1</segment>
        <segment minOccurs="0" maxOccurs="unbounded">PR1</segment>
        <segment minOccurs="0" maxOccurs="unbounded">GT1</segment>
        <group maxOccurs="unbounded" minOccurs="0" name="INSURANCE">
            <segment>IN1</segment>
            <segment minOccurs="0">IN2</segment>
            <segment minOccurs="0">IN3</segment>
        </group>
        <segment minOccurs="0">ACC</segment>
        <segment minOccurs="0">UB1</segment>
        <segment minOccurs="0">UB2</segment>
    </segments>
</message>
