<?xml version="1.0" encoding="UTF-8"?>
<segment>
    <name>PR1</name>
    <description>Procedures</description>
    <elements>
        <field minOccurs="1" maxOccurs="0">
            <name>PR1.1</name>
            <description>Set ID procedure</description>
            <datatype>SI</datatype>
        </field>
        <field minOccurs="1" maxOccurs="unbounded">
            <name>PR1.2</name>
            <description>Procedure Coding method</description>
            <datatype>ID</datatype>
        </field>
        <field minOccurs="1" maxOccurs="unbounded">
            <name>PR1.3</name>
            <description>Procedure Code</description>
            <datatype>ID</datatype>
        </field>
        <field minOccurs="0" maxOccurs="unbounded">
            <name>PR1.4</name>
            <description>Procedure Description</description>
            <datatype>ST</datatype>
        </field>
        <field minOccurs="1" maxOccurs="0">
            <name>PR1.5</name>
            <description>Procedure Date/Time</description>
            <datatype>TS</datatype>
        </field>
        <field minOccurs="1" maxOccurs="0">
            <name>PR1.6</name>
            <description>Procedure Type</description>
            <datatype>ID</datatype>
        </field>
        <field minOccurs="0" maxOccurs="0">
            <name>PR1.7</name>
            <description>Procedure Minutes</description>
            <datatype>NM</datatype>
        </field>
        <field minOccurs="0" maxOccurs="0">
            <name>PR1.8</name>
            <description>Anesthesiologist</description>
            <datatype>CN</datatype>
        </field>
        <field minOccurs="0" maxOccurs="0">
            <name>PR1.9</name>
            <description>Anesthesia Code</description>
            <datatype>ID</datatype>
        </field>
        <field minOccurs="0" maxOccurs="0">
            <name>PR1.10</name>
            <description>Anesthesia Minutes</description>
            <datatype>NM</datatype>
        </field>
        <field minOccurs="0" maxOccurs="0">
            <name>PR1.11</name>
            <description>Surgeon</description>
            <datatype>CN</datatype>
        </field>
        <field minOccurs="0" maxOccurs="unbounded">
            <name>PR1.12</name>
            <description>Procedure MD</description>
            <datatype>CM</datatype>
        </field>
        <field minOccurs="0" maxOccurs="0">
            <name>PR1.13</name>
            <description>Consent Code</description>
            <datatype>ID</datatype>
        </field>
        <field minOccurs="0" maxOccurs="0">
            <name>PR1.14</name>
            <description>Procedure Priority</description>
            <datatype>NM</datatype>
        </field>
    </elements>
</segment>
