<?xml version="1.0" encoding="UTF-8"?>
<segment>
    <name>ACC</name>
    <description>Accident</description>
    <elements>
        <field minOccurs="0" maxOccurs="0">
            <name>ACC.1</name>
            <description>Accident Date/Time</description>
            <datatype>TS</datatype>
        </field>
        <field minOccurs="0" maxOccurs="0">
            <name>ACC.2</name>
            <description>Accident Code</description>
            <datatype>ID</datatype>
        </field>
        <field minOccurs="0" maxOccurs="0">
            <name>ACC.3</name>
            <description>Accident Location</description>
            <datatype>ST</datatype>
        </field>
    </elements>
</segment>
