<?xml version="1.0" encoding="UTF-8"?>
<segment>
    <name>FHS</name>
    <description>File Header</description>
    <elements>
        <field minOccurs="1" maxOccurs="0">
            <name>FHS.1</name>
            <description>File Field Separator</description>
            <datatype>ST</datatype>
        </field>
        <field minOccurs="1" maxOccurs="0">
            <name>FHS.2</name>
            <description>File Encoding Characters</description>
            <datatype>ST</datatype>
        </field>
        <field minOccurs="0" maxOccurs="0">
            <name>FHS.3</name>
            <description>File Sending Application</description>
            <datatype>ST</datatype>
        </field>
        <field minOccurs="0" maxOccurs="0">
            <name>FHS.4</name>
            <description>File Sending Facility</description>
            <datatype>ST</datatype>
        </field>
        <field minOccurs="0" maxOccurs="0">
            <name>FHS.5</name>
            <description>File Receiving Application</description>
            <datatype>ST</datatype>
        </field>
        <field minOccurs="0" maxOccurs="0">
            <name>FHS.6</name>
            <description>File Receiving Facility</description>
            <datatype>ST</datatype>
        </field>
        <field minOccurs="0" maxOccurs="0">
            <name>FHS.7</name>
            <description>File Creation Date/Time</description>
            <datatype>TS</datatype>
        </field>
        <field minOccurs="0" maxOccurs="0">
            <name>FHS.8</name>
            <description>File Security</description>
            <datatype>ST</datatype>
        </field>
        <field minOccurs="0" maxOccurs="0">
            <name>FHS.9</name>
            <description>File Name/ID</description>
            <datatype>ST</datatype>
        </field>
        <field minOccurs="0" maxOccurs="0">
            <name>FHS.10</name>
            <description>File Header Comment</description>
            <datatype>ST</datatype>
        </field>
        <field minOccurs="0" maxOccurs="0">
            <name>FHS.11</name>
            <description>File Control ID</description>
            <datatype>ST</datatype>
        </field>
        <field minOccurs="0" maxOccurs="0">
            <name>FHS.12</name>
            <description>Reference File Control ID</description>
            <datatype>ST</datatype>
        </field>
    </elements>
</segment>
