<?xml version="1.0" encoding="UTF-8"?>
<segment>
    <name>NK1</name>
    <description>Next of Kin/Associated Parties</description>
    <elements>
        <field minOccurs="1" maxOccurs="0">
            <name>NK1.1</name>
            <description>Set ID</description>
            <datatype>SI</datatype>
        </field>
        <field minOccurs="0" maxOccurs="0">
            <name>NK1.2</name>
            <description>Name</description>
            <datatype>PN</datatype>
        </field>
        <field minOccurs="0" maxOccurs="0">
            <name>NK1.3</name>
            <description>Relationship</description>
            <datatype>CE</datatype>
        </field>
        <field minOccurs="0" maxOccurs="0">
            <name>NK1.4</name>
            <description>Address</description>
            <datatype>AD</datatype>
        </field>
        <field minOccurs="0" maxOccurs="3">
            <name>NK1.5</name>
            <description>Phone Number</description>
            <datatype>TN</datatype>
        </field>
        <field minOccurs="0" maxOccurs="0">
            <name>NK1.6</name>
            <description>Business Phone Number</description>
            <datatype>TN</datatype>
        </field>
        <field minOccurs="0" maxOccurs="0">
            <name>NK1.7</name>
            <description>Contact Role</description>
            <datatype>CE</datatype>
        </field>
        <field minOccurs="0" maxOccurs="0">
            <name>NK1.8</name>
            <description>Start Date</description>
            <datatype>DT</datatype>
        </field>
        <field minOccurs="0" maxOccurs="0">
            <name>NK1.9</name>
            <description>End Date</description>
            <datatype>DT</datatype>
        </field>
        <field minOccurs="0" maxOccurs="0">
            <name>NK1.10</name>
            <description>Next of Kin Job Title</description>
            <datatype>ST</datatype>
        </field>
        <field minOccurs="0" maxOccurs="0">
            <name>NK1.11</name>
            <description>Next of Kin Job Code/Class</description>
            <datatype>CM</datatype>
        </field>
        <field minOccurs="0" maxOccurs="0">
            <name>NK1.12</name>
            <description>Next of Kin Employee Number</description>
            <datatype>ST</datatype>
        </field>
        <field minOccurs="0" maxOccurs="0">
            <name>NK1.13</name>
            <description>Organization Name</description>
            <datatype>ST</datatype>
        </field>
    </elements>
</segment>
