<?xml version="1.0" encoding="UTF-8"?>
<segment>
    <name>PV2</name>
    <description>Patient Visit - Additional Information</description>
    <elements>
        <field minOccurs="0" maxOccurs="0">
            <name>PV2.1</name>
            <description>Prior Pending Location</description>
            <datatype>CM</datatype>
        </field>
        <field minOccurs="0" maxOccurs="0">
            <name>PV2.2</name>
            <description>Accommodation Code</description>
            <datatype>CE</datatype>
        </field>
        <field minOccurs="0" maxOccurs="0">
            <name>PV2.3</name>
            <description>Admit Reason</description>
            <datatype>CE</datatype>
        </field>
        <field minOccurs="0" maxOccurs="0">
            <name>PV2.4</name>
            <description>Transfer Reason</description>
            <datatype>CE</datatype>
        </field>
        <field minOccurs="0" maxOccurs="unbounded">
            <name>PV2.5</name>
            <description>Patient Valuables</description>
            <datatype>ST</datatype>
        </field>
        <field minOccurs="0" maxOccurs="0">
            <name>PV2.6</name>
            <description>Patient Valuables Location</description>
            <datatype>ST</datatype>
        </field>
        <field minOccurs="0" maxOccurs="0">
            <name>PV2.7</name>
            <description>Visit User Code</description>
            <datatype>ID</datatype>
        </field>
        <field minOccurs="0" maxOccurs="0">
            <name>PV2.8</name>
            <description>Expected Admit Date</description>
            <datatype>DT</datatype>
        </field>
        <field minOccurs="0" maxOccurs="0">
            <name>PV2.9</name>
            <description>Expected Discharge Date</description>
            <datatype>DT</datatype>
        </field>
        <field minOccurs="0" maxOccurs="0">
            <name>PV2.10</name>
            <description>Birth Place</description>
            <datatype>ST</datatype>
        </field>
        <field minOccurs="0" maxOccurs="0">
            <name>PV2.11</name>
            <description>Multiple Birth Indicator</description>
            <datatype>ID</datatype>
        </field>
        <field minOccurs="0" maxOccurs="0">
            <name>PV2.12</name>
            <description>Birth Order</description>
            <datatype>ID</datatype>
        </field>
        <field minOccurs="0" maxOccurs="unbounded">
            <name>PV2.13</name>
            <description>Citizenship</description>
            <datatype>ID</datatype>
        </field>
        <field minOccurs="0" maxOccurs="0">
            <name>PV2.14</name>
            <description>Veterans Military Status</description>
            <datatype>CE</datatype>
        </field>
    </elements>
</segment>
