<?xml version="1.0" encoding="UTF-8"?>
<segment>
    <name>NTE</name>
    <description>Notes and Comments</description>
    <elements>
        <field minOccurs="0" maxOccurs="0">
            <name>NTE.1</name>
            <description>Set ID</description>
            <datatype>SI</datatype>
        </field>
        <field minOccurs="0" maxOccurs="0">
            <name>NTE.2</name>
            <description>Source of Comment</description>
            <datatype>ID</datatype>
        </field>
        <field minOccurs="0" maxOccurs="0">
            <name>NTE.3</name>
            <description>Comment</description>
            <datatype>FT</datatype>
        </field>
    </elements>
</segment>
