<?xml version="1.0" encoding="UTF-8"?>
<segment>
    <name>BLG</name>
    <description>Billing</description>
    <elements>
        <field minOccurs="0" maxOccurs="0">
            <name>BLG.1</name>
            <description>When to Charge</description>
            <datatype>CM</datatype>
        </field>
        <field minOccurs="0" maxOccurs="0">
            <name>BLG.2</name>
            <description>Value Type</description>
            <datatype>CM</datatype>
        </field>
        <field minOccurs="0" maxOccurs="0">
            <name>BLG.3</name>
            <description>Observation Identifier</description>
            <datatype>CM</datatype>
        </field>
    </elements>
</segment>
