<?xml version="1.0" encoding="UTF-8"?>
<segment>
    <name>QRD</name>
    <description>Original Style Query Definition</description>
    <elements>
        <field minOccurs="1" maxOccurs="0">
            <name>QRD.1</name>
            <description>Query Date/Time</description>
            <datatype>TS</datatype>
        </field>
        <field minOccurs="1" maxOccurs="0">
            <name>QRD.2</name>
            <description>Query Format Code</description>
            <datatype>ID</datatype>
        </field>
        <field minOccurs="1" maxOccurs="0">
            <name>QRD.3</name>
            <description>Query Priority</description>
            <datatype>ID</datatype>
        </field>
        <field minOccurs="1" maxOccurs="0">
            <name>QRD.4</name>
            <description>Query ID</description>
            <datatype>ST</datatype>
        </field>
        <field minOccurs="0" maxOccurs="0">
            <name>QRD.5</name>
            <description>Deferred Response Type</description>
            <datatype>ID</datatype>
        </field>
        <field minOccurs="0" maxOccurs="0">
            <name>QRD.6</name>
            <description>Deferred Response Date/Time</description>
            <datatype>TS</datatype>
        </field>
        <field minOccurs="1" maxOccurs="0">
            <name>QRD.7</name>
            <description>Quantity Limited Request</description>
            <datatype>CQ</datatype>
        </field>
        <field minOccurs="1" maxOccurs="unbounded">
            <name>QRD.8</name>
            <description>Who Subject Filter</description>
            <datatype>ST</datatype>
        </field>
        <field minOccurs="1" maxOccurs="unbounded">
            <name>QRD.9</name>
            <description>What Subject Filter</description>
            <datatype>ID</datatype>
        </field>
        <field minOccurs="1" maxOccurs="unbounded">
            <name>QRD.10</name>
            <description>What Department Data Code</description>
            <datatype>ST</datatype>
        </field>
        <field minOccurs="0" maxOccurs="unbounded">
            <name>QRD.11</name>
            <description>What Data Code Value Qual.</description>
            <datatype>ST</datatype>
        </field>
        <field minOccurs="0" maxOccurs="0">
            <name>QRD.12</name>
            <description>Query Results Level</description>
            <datatype>ID</datatype>
        </field>
    </elements>
</segment>
