<?xml version="1.0" encoding="UTF-8"?>
<segment>
    <name>IN2</name>
    <description>Insurance Additional Information</description>
    <elements>
        <field minOccurs="0" maxOccurs="0">
            <name>IN2.1</name>
            <description>Insured's Employee ID</description>
            <datatype>ST</datatype>
        </field>
        <field minOccurs="0" maxOccurs="0">
            <name>IN2.2</name>
            <description>Insured's Social Security Number</description>
            <datatype>NM</datatype>
        </field>
        <field minOccurs="0" maxOccurs="0">
            <name>IN2.3</name>
            <description>Insured's Employer Name</description>
            <datatype>CN</datatype>
        </field>
        <field minOccurs="0" maxOccurs="0">
            <name>IN2.4</name>
            <description>Employer Information Data</description>
            <datatype>ID</datatype>
        </field>
        <field minOccurs="0" maxOccurs="0">
            <name>IN2.5</name>
            <description>Mail Claim Party</description>
            <datatype>ID</datatype>
        </field>
        <field minOccurs="0" maxOccurs="0">
            <name>IN2.6</name>
            <description>Medicare Health Ins Card Number</description>
            <datatype>NM</datatype>
        </field>
        <field minOccurs="0" maxOccurs="0">
            <name>IN2.7</name>
            <description>Medicaid Case Name</description>
            <datatype>PN</datatype>
        </field>
        <field minOccurs="0" maxOccurs="0">
            <name>IN2.8</name>
            <description>Medicaid Case Number</description>
            <datatype>NM</datatype>
        </field>
        <field minOccurs="0" maxOccurs="0">
            <name>IN2.9</name>
            <description>Champus Sponsor Name</description>
            <datatype>PN</datatype>
        </field>
        <field minOccurs="0" maxOccurs="0">
            <name>IN2.10</name>
            <description>Champus ID Number</description>
            <datatype>NM</datatype>
        </field>
        <field minOccurs="0" maxOccurs="0">
            <name>IN2.11</name>
            <description>Dependent of Champus Recipient</description>
            <datatype>ID</datatype>
        </field>
        <field minOccurs="0" maxOccurs="0">
            <name>IN2.12</name>
            <description>Champus Organization</description>
            <datatype>ST</datatype>
        </field>
        <field minOccurs="0" maxOccurs="0">
            <name>IN2.13</name>
            <description>Champus Station</description>
            <datatype>ST</datatype>
        </field>
        <field minOccurs="0" maxOccurs="0">
            <name>IN2.14</name>
            <description>Champus Service</description>
            <datatype>ID</datatype>
        </field>
        <field minOccurs="0" maxOccurs="0">
            <name>IN2.15</name>
            <description>Champus Rank/Grade</description>
            <datatype>ID</datatype>
        </field>
        <field minOccurs="0" maxOccurs="0">
            <name>IN2.16</name>
            <description>Champus Status</description>
            <datatype>ID</datatype>
        </field>
        <field minOccurs="0" maxOccurs="0">
            <name>IN2.17</name>
            <description>Champus Retire Date</description>
            <datatype>DT</datatype>
        </field>
        <field minOccurs="0" maxOccurs="0">
            <name>IN2.18</name>
            <description>Champus Non-Avail Cert On File</description>
            <datatype>ID</datatype>
        </field>
        <field minOccurs="0" maxOccurs="0">
            <name>IN2.19</name>
            <description>Baby Coverage</description>
            <datatype>ID</datatype>
        </field>
        <field minOccurs="0" maxOccurs="0">
            <name>IN2.20</name>
            <description>Combine Baby Bill</description>
            <datatype>ID</datatype>
        </field>
        <field minOccurs="0" maxOccurs="0">
            <name>IN2.21</name>
            <description>Blood Deductible</description>
            <datatype>ST</datatype>
        </field>
        <field minOccurs="0" maxOccurs="0">
            <name>IN2.22</name>
            <description>Special Coverage Approval Name</description>
            <datatype>PN</datatype>
        </field>
        <field minOccurs="0" maxOccurs="0">
            <name>IN2.23</name>
            <description>Special Coverage Approval Title</description>
            <datatype>ST</datatype>
        </field>
        <field minOccurs="0" maxOccurs="unbounded">
            <name>IN2.24</name>
            <description>Non-Covered Insurance Code</description>
            <datatype>ST</datatype>
        </field>
        <field minOccurs="0" maxOccurs="0">
            <name>IN2.25</name>
            <description>Payor ID</description>
            <datatype>ST</datatype>
        </field>
        <field minOccurs="0" maxOccurs="0">
            <name>IN2.26</name>
            <description>Payor Subscriber ID</description>
            <datatype>ST</datatype>
        </field>
        <field minOccurs="0" maxOccurs="0">
            <name>IN2.27</name>
            <description>Eligibility Source</description>
            <datatype>ID</datatype>
        </field>
        <field minOccurs="0" maxOccurs="unbounded">
            <name>IN2.28</name>
            <description>Room Coverage Type/Amount</description>
            <datatype>CM</datatype>
        </field>
        <field minOccurs="0" maxOccurs="unbounded">
            <name>IN2.29</name>
            <description>Policy Type/Amount</description>
            <datatype>CM</datatype>
        </field>
        <field minOccurs="0" maxOccurs="0">
            <name>IN2.30</name>
            <description>Daily Deductible</description>
            <datatype>CM</datatype>
        </field>
    </elements>
</segment>
