<?xml version="1.0" encoding="UTF-8"?>
<segment>
    <name>ORO</name>
    <description>Order</description>
    <elements>
        <field minOccurs="0" maxOccurs="0">
            <name>ORO.1</name>
            <description>Order Item ID</description>
            <datatype>CE</datatype>
        </field>
        <field minOccurs="0" maxOccurs="0">
            <name>ORO.2</name>
            <description>Substitute Allowed</description>
            <datatype>ID</datatype>
        </field>
        <field minOccurs="0" maxOccurs="unbounded">
            <name>ORO.3</name>
            <description>Results Copied To</description>
            <datatype>CN</datatype>
        </field>
        <field minOccurs="0" maxOccurs="0">
            <name>ORO.4</name>
            <description>Stock Location</description>
            <datatype>ID</datatype>
        </field>
    </elements>
</segment>
