<?xml version="1.0" encoding="UTF-8"?>
<segment>
    <name>XPN</name>
    <description>Extended Person Name</description>
    <elements>
        <field minOccurs="0" maxOccurs="0" length="194">
            <name>XPN.1</name>
            <description>Family Name</description>
            <datatype>FN</datatype>
        </field>
        <field minOccurs="0" maxOccurs="0" length="30">
            <name>XPN.2</name>
            <description>Given Name</description>
            <datatype>ST</datatype>
        </field>
        <field minOccurs="0" maxOccurs="0" length="30">
            <name>XPN.3</name>
            <description>Second and Further Given Names or Initials Thereof</description>
            <datatype>ST</datatype>
        </field>
        <field minOccurs="0" maxOccurs="0" length="20">
            <name>XPN.4</name>
            <description>Suffix</description>
            <datatype>ST</datatype>
        </field>
        <field minOccurs="0" maxOccurs="0" length="20">
            <name>XPN.5</name>
            <description>Prefix</description>
            <datatype>ST</datatype>
        </field>
        <field minOccurs="0" maxOccurs="0" length="6" table="0360">
            <name>XPN.6</name>
            <description>Degree</description>
            <datatype>IS</datatype>
        </field>
        <field minOccurs="0" maxOccurs="0" length="1" table="0200">
            <name>XPN.7</name>
            <description>Name Type Code</description>
            <datatype>ID</datatype>
        </field>
        <field minOccurs="0" maxOccurs="0" length="1" table="0465">
            <name>XPN.8</name>
            <description>Name Representation Code</description>
            <datatype>ID</datatype>
        </field>
        <field minOccurs="0" maxOccurs="0" length="483" table="0448">
            <name>XPN.9</name>
            <description>Name Context</description>
            <datatype>CE</datatype>
        </field>
        <field minOccurs="0" maxOccurs="0" length="53">
            <name>XPN.10</name>
            <description>Name Validity Range</description>
            <datatype>DR</datatype>
        </field>
        <field minOccurs="0" maxOccurs="0" length="1" table="0444">
            <name>XPN.11</name>
            <description>Name Assembly Order</description>
            <datatype>ID</datatype>
        </field>
        <field minOccurs="0" maxOccurs="0" length="26">
            <name>XPN.12</name>
            <description>Effective Date</description>
            <datatype>TS</datatype>
        </field>
        <field minOccurs="0" maxOccurs="0" length="26">
            <name>XPN.13</name>
            <description>Expiration Date</description>
            <datatype>TS</datatype>
        </field>
        <field minOccurs="0" maxOccurs="0" length="199">
            <name>XPN.14</name>
            <description>Professional Suffix</description>
            <datatype>ST</datatype>
        </field>
    </elements>
</segment>
