<?xml version="1.0" encoding="UTF-8"?>
<segment>
    <name>CNE</name>
    <description>Coded with No Exceptions</description>
    <elements>
        <field minOccurs="0" maxOccurs="0" length="20">
            <name>CNE.1</name>
            <description>Identifier</description>
            <datatype>ST</datatype>
        </field>
        <field minOccurs="0" maxOccurs="0" length="199">
            <name>CNE.2</name>
            <description>Text</description>
            <datatype>ST</datatype>
        </field>
        <field minOccurs="0" maxOccurs="0" length="20" table="0396">
            <name>CNE.3</name>
            <description>Name of Coding System</description>
            <datatype>ID</datatype>
        </field>
        <field minOccurs="0" maxOccurs="0" length="20">
            <name>CNE.4</name>
            <description>Alternate Identifier</description>
            <datatype>ST</datatype>
        </field>
        <field minOccurs="0" maxOccurs="0" length="199">
            <name>CNE.5</name>
            <description>Alternate Text</description>
            <datatype>ST</datatype>
        </field>
        <field minOccurs="0" maxOccurs="0" length="20" table="0396">
            <name>CNE.6</name>
            <description>Name of Alternate Coding System</description>
            <datatype>ID</datatype>
        </field>
        <field minOccurs="0" maxOccurs="0" length="10">
            <name>CNE.7</name>
            <description>Coding System Version ID</description>
            <datatype>ST</datatype>
        </field>
        <field minOccurs="0" maxOccurs="0" length="10">
            <name>CNE.8</name>
            <description>Alternate Coding System Version ID</description>
            <datatype>ST</datatype>
        </field>
        <field minOccurs="0" maxOccurs="0" length="199">
            <name>CNE.9</name>
            <description>Original Text</description>
            <datatype>ST</datatype>
        </field>
    </elements>
</segment>
