<?xml version="1.0" encoding="UTF-8"?>
<segment>
    <name>PTA</name>
    <description>Policy Type and Amount</description>
    <elements>
        <field minOccurs="0" maxOccurs="0" length="5" table="0147">
            <name>PTA.1</name>
            <description>Policy Type</description>
            <datatype>IS</datatype>
        </field>
        <field minOccurs="0" maxOccurs="0" length="9" table="0193">
            <name>PTA.2</name>
            <description>Amount Class</description>
            <datatype>IS</datatype>
        </field>
        <field minOccurs="0" maxOccurs="0" length="16">
            <name>PTA.3</name>
            <description>Money or Percentage Quantity</description>
            <datatype>NM</datatype>
        </field>
        <field minOccurs="0" maxOccurs="0" length="23">
            <name>PTA.4</name>
            <description>Money or Percentage</description>
            <datatype>MOP</datatype>
        </field>
    </elements>
</segment>
