<?xml version="1.0" encoding="UTF-8"?>
<segment>
    <name>UVC</name>
    <description>UB Value Code and Amount</description>
    <elements>
        <field minOccurs="0" maxOccurs="0">
            <name>UVC.1</name>
            <description>Value Code</description>
            <datatype>CNE</datatype>
        </field>
        <field minOccurs="0" maxOccurs="0">
            <name>UVC.2</name>
            <description>Value Amount</description>
            <datatype>MO</datatype>
        </field>
    </elements>
</segment>
