<?xml version="1.0" encoding="UTF-8"?>
<segment>
    <name>NDL</name>
    <description>Name with Date and Location</description>
    <elements>
        <field minOccurs="0" maxOccurs="0">
            <name>NDL.1</name>
            <description>Name</description>
            <datatype>CNN</datatype>
        </field>
        <field minOccurs="0" maxOccurs="0">
            <name>NDL.2</name>
            <description>Start Date/Time</description>
            <datatype>TS</datatype>
        </field>
        <field minOccurs="0" maxOccurs="0">
            <name>NDL.3</name>
            <description>End Date/Time</description>
            <datatype>TS</datatype>
        </field>
        <field minOccurs="0" maxOccurs="0">
            <name>NDL.4</name>
            <description>Point of Care</description>
            <datatype>IS</datatype>
        </field>
        <field minOccurs="0" maxOccurs="0">
            <name>NDL.5</name>
            <description>Room</description>
            <datatype>IS</datatype>
        </field>
        <field minOccurs="0" maxOccurs="0">
            <name>NDL.6</name>
            <description>Bed</description>
            <datatype>IS</datatype>
        </field>
        <field minOccurs="0" maxOccurs="0">
            <name>NDL.7</name>
            <description>Facility</description>
            <datatype>HD</datatype>
        </field>
        <field minOccurs="0" maxOccurs="0">
            <name>NDL.8</name>
            <description>Location Status</description>
            <datatype>IS</datatype>
        </field>
        <field minOccurs="0" maxOccurs="0">
            <name>NDL.9</name>
            <description>Patient Location Type</description>
            <datatype>IS</datatype>
        </field>
        <field minOccurs="0" maxOccurs="0">
            <name>NDL.10</name>
            <description>Building</description>
            <datatype>IS</datatype>
        </field>
        <field minOccurs="0" maxOccurs="0">
            <name>NDL.11</name>
            <description>Floor</description>
            <datatype>IS</datatype>
        </field>
    </elements>
</segment>
