<?xml version="1.0" encoding="UTF-8"?>
<segment>
    <name>VID</name>
    <description>Version Identifier</description>
    <elements>
        <field minOccurs="0" maxOccurs="0" length="5" table="0104">
            <name>VID.1</name>
            <description>Version ID</description>
            <datatype>ID</datatype>
        </field>
        <field minOccurs="0" maxOccurs="0" length="483" table="0399">
            <name>VID.2</name>
            <description>Internationalization Code</description>
            <datatype>CE</datatype>
        </field>
        <field minOccurs="0" maxOccurs="0" length="483">
            <name>VID.3</name>
            <description>International Version ID</description>
            <datatype>CE</datatype>
        </field>
    </elements>
</segment>
