<?xml version="1.0" encoding="UTF-8"?>
<segment>
    <name>OSD</name>
    <description>Order Sequence Definition</description>
    <elements>
        <field minOccurs="0" maxOccurs="0">
            <name>OSD.1</name>
            <description>Sequence/Results Flag</description>
            <datatype>ID</datatype>
        </field>
        <field minOccurs="0" maxOccurs="0">
            <name>OSD.2</name>
            <description>Placer Order Number: Entity Identifier</description>
            <datatype>ST</datatype>
        </field>
        <field minOccurs="0" maxOccurs="0">
            <name>OSD.3</name>
            <description>Placer Order Number: Namespace ID</description>
            <datatype>IS</datatype>
        </field>
        <field minOccurs="0" maxOccurs="0">
            <name>OSD.4</name>
            <description>Filler Order Number: Entity Identifier</description>
            <datatype>ST</datatype>
        </field>
        <field minOccurs="0" maxOccurs="0">
            <name>OSD.5</name>
            <description>Filler Order Number: Namespace ID</description>
            <datatype>IS</datatype>
        </field>
        <field minOccurs="0" maxOccurs="0">
            <name>OSD.6</name>
            <description>Sequence Condition Value</description>
            <datatype>ST</datatype>
        </field>
        <field minOccurs="0" maxOccurs="0">
            <name>OSD.7</name>
            <description>Maximum Number of Repeats</description>
            <datatype>NM</datatype>
        </field>
        <field minOccurs="0" maxOccurs="0">
            <name>OSD.8</name>
            <description>Placer Order Number: Universal ID</description>
            <datatype>ST</datatype>
        </field>
        <field minOccurs="0" maxOccurs="0">
            <name>OSD.9</name>
            <description>Placer Order Number: Universal ID Type</description>
            <datatype>ID</datatype>
        </field>
        <field minOccurs="0" maxOccurs="0">
            <name>OSD.10</name>
            <description>Filler Order Number: Universal ID</description>
            <datatype>ST</datatype>
        </field>
        <field minOccurs="0" maxOccurs="0">
            <name>OSD.11</name>
            <description>Filler Order Number: Universal ID Type</description>
            <datatype>ID</datatype>
        </field>
    </elements>
</segment>
