<?xml version="1.0" encoding="UTF-8"?>
<segment>
    <name>SPS</name>
    <description>Specimen Source</description>
    <elements>
        <field minOccurs="0" maxOccurs="0">
            <name>SPS.1</name>
            <description>Specimen Source Name or Code</description>
            <datatype>CWE</datatype>
        </field>
        <field minOccurs="0" maxOccurs="0">
            <name>SPS.2</name>
            <description>Additives</description>
            <datatype>CWE</datatype>
        </field>
        <field minOccurs="0" maxOccurs="0">
            <name>SPS.3</name>
            <description>Specimen Collection Method</description>
            <datatype>TX</datatype>
        </field>
        <field minOccurs="0" maxOccurs="0">
            <name>SPS.4</name>
            <description>Body Site</description>
            <datatype>CWE</datatype>
        </field>
        <field minOccurs="0" maxOccurs="0">
            <name>SPS.5</name>
            <description>Site Modifier</description>
            <datatype>CWE</datatype>
        </field>
        <field minOccurs="0" maxOccurs="0">
            <name>SPS.6</name>
            <description>Collection Method Modifier Code</description>
            <datatype>CWE</datatype>
        </field>
        <field minOccurs="0" maxOccurs="0">
            <name>SPS.7</name>
            <description>Specimen Role</description>
            <datatype>CWE</datatype>
        </field>
    </elements>
</segment>
