<?xml version="1.0" encoding="UTF-8"?>
<segment>
    <name>ERL</name>
    <description>Error Location</description>
    <elements>
        <field minOccurs="0" maxOccurs="0">
            <name>ERL.1</name>
            <description>Segment ID</description>
            <datatype>ST</datatype>
        </field>
        <field minOccurs="0" maxOccurs="0">
            <name>ERL.2</name>
            <description>Segment Sequence</description>
            <datatype>NM</datatype>
        </field>
        <field minOccurs="0" maxOccurs="0">
            <name>ERL.3</name>
            <description>Field Position</description>
            <datatype>NM</datatype>
        </field>
        <field minOccurs="0" maxOccurs="0">
            <name>ERL.4</name>
            <description>Field Repetition</description>
            <datatype>NM</datatype>
        </field>
        <field minOccurs="0" maxOccurs="0">
            <name>ERL.5</name>
            <description>Component Number</description>
            <datatype>NM</datatype>
        </field>
        <field minOccurs="0" maxOccurs="0">
            <name>ERL.6</name>
            <description>Sub-component Number</description>
            <datatype>NM</datatype>
        </field>
    </elements>
</segment>
