<?xml version="1.0" encoding="UTF-8"?>
<segment>
    <name>MOC</name>
    <description>Money and Code</description>
    <elements>
        <field minOccurs="0" maxOccurs="0">
            <name>MOC.1</name>
            <description>Monetary Amount</description>
            <datatype>MO</datatype>
        </field>
        <field minOccurs="0" maxOccurs="0">
            <name>MOC.2</name>
            <description>Charge Code</description>
            <datatype>CE</datatype>
        </field>
    </elements>
</segment>
