<?xml version="1.0" encoding="UTF-8"?>
<segment>
    <name>PRL</name>
    <description>Parent Result Link</description>
    <elements>
        <field minOccurs="0" maxOccurs="0" length="483">
            <name>PRL.1</name>
            <description>Parent Observation Identifier</description>
            <datatype>CE</datatype>
        </field>
        <field minOccurs="0" maxOccurs="0" length="20">
            <name>PRL.2</name>
            <description>Parent Observation Sub-identifier</description>
            <datatype>ST</datatype>
        </field>
        <field minOccurs="0" maxOccurs="0" length="250">
            <name>PRL.3</name>
            <description>Parent Observation Value Descriptor</description>
            <datatype>TX</datatype>
        </field>
    </elements>
</segment>
