<?xml version="1.0" encoding="UTF-8"?>
<segment>
    <name>CX</name>
    <description>Extended Composite ID with Check Digit</description>
    <elements>
        <field minOccurs="0" maxOccurs="0">
            <name>CX.1</name>
            <description>ID Number</description>
            <datatype>ST</datatype>
        </field>
        <field minOccurs="0" maxOccurs="0">
            <name>CX.2</name>
            <description>Check Digit</description>
            <datatype>ST</datatype>
        </field>
        <field minOccurs="0" maxOccurs="0">
            <name>CX.3</name>
            <description>Check Digit Scheme</description>
            <datatype>ID</datatype>
        </field>
        <field minOccurs="0" maxOccurs="0">
            <name>CX.4</name>
            <description>Assigning Authority</description>
            <datatype>HD</datatype>
        </field>
        <field minOccurs="0" maxOccurs="0">
            <name>CX.5</name>
            <description>Identifier Type Code</description>
            <datatype>ID</datatype>
        </field>
        <field minOccurs="0" maxOccurs="0">
            <name>CX.6</name>
            <description>Assigning Facility</description>
            <datatype>HD</datatype>
        </field>
        <field minOccurs="0" maxOccurs="0">
            <name>CX.7</name>
            <description>Effective Date</description>
            <datatype>DT</datatype>
        </field>
        <field minOccurs="0" maxOccurs="0">
            <name>CX.8</name>
            <description>Expiration Date</description>
            <datatype>DT</datatype>
        </field>
        <field minOccurs="0" maxOccurs="0">
            <name>CX.9</name>
            <description>Assigning Jurisdiction</description>
            <datatype>CWE</datatype>
        </field>
        <field minOccurs="0" maxOccurs="0">
            <name>CX.10</name>
            <description>Assigning Agency or Department</description>
            <datatype>CWE</datatype>
        </field>
    </elements>
</segment>
