<?xml version="1.0" encoding="UTF-8"?>
<segment>
    <name>RCD</name>
    <description>Row Column Definition</description>
    <elements>
        <field minOccurs="0" maxOccurs="0" length="12">
            <name>RCD.1</name>
            <description>Segment Field Name</description>
            <datatype>ST</datatype>
        </field>
        <field minOccurs="0" maxOccurs="0" length="3" table="0440">
            <name>RCD.2</name>
            <description>HL7 Data Type</description>
            <datatype>ID</datatype>
        </field>
        <field minOccurs="0" maxOccurs="0" length="2">
            <name>RCD.3</name>
            <description>Maximum Column Width</description>
            <datatype>NM</datatype>
        </field>
    </elements>
</segment>
