<?xml version="1.0" encoding="UTF-8"?>
<segment>
    <name>ICD</name>
    <description>Insurance Certification Definition</description>
    <elements>
        <field minOccurs="0" maxOccurs="0">
            <name>ICD.1</name>
            <description>Certification Patient Type</description>
            <datatype>IS</datatype>
        </field>
        <field minOccurs="0" maxOccurs="0">
            <name>ICD.2</name>
            <description>Certification Required</description>
            <datatype>ID</datatype>
        </field>
        <field minOccurs="0" maxOccurs="0">
            <name>ICD.3</name>
            <description>Date/Time Certification Required</description>
            <datatype>TS</datatype>
        </field>
    </elements>
</segment>
