<?xml version="1.0" encoding="UTF-8"?>
<segment>
    <name>XTN</name>
    <description>Extended Telecommunication Number</description>
    <elements>
        <field minOccurs="0" maxOccurs="0" length="199">
            <name>XTN.1</name>
            <description>Telephone Number</description>
            <datatype>ST</datatype>
        </field>
        <field minOccurs="0" maxOccurs="0" length="3" table="0201">
            <name>XTN.2</name>
            <description>Telecommunication Use Code</description>
            <datatype>ID</datatype>
        </field>
        <field minOccurs="0" maxOccurs="0" length="8" table="0202">
            <name>XTN.3</name>
            <description>Telecommunication Equipment Type</description>
            <datatype>ID</datatype>
        </field>
        <field minOccurs="0" maxOccurs="0" length="199">
            <name>XTN.4</name>
            <description>Email Address</description>
            <datatype>ST</datatype>
        </field>
        <field minOccurs="0" maxOccurs="0" length="3">
            <name>XTN.5</name>
            <description>Country Code</description>
            <datatype>NM</datatype>
        </field>
        <field minOccurs="0" maxOccurs="0" length="5">
            <name>XTN.6</name>
            <description>Area/City Code</description>
            <datatype>NM</datatype>
        </field>
        <field minOccurs="0" maxOccurs="0" length="9">
            <name>XTN.7</name>
            <description>Local Number</description>
            <datatype>NM</datatype>
        </field>
        <field minOccurs="0" maxOccurs="0" length="5">
            <name>XTN.8</name>
            <description>Extension</description>
            <datatype>NM</datatype>
        </field>
        <field minOccurs="0" maxOccurs="0" length="199">
            <name>XTN.9</name>
            <description>Any Text</description>
            <datatype>ST</datatype>
        </field>
        <field minOccurs="0" maxOccurs="0" length="4">
            <name>XTN.10</name>
            <description>Extension Prefix</description>
            <datatype>ST</datatype>
        </field>
        <field minOccurs="0" maxOccurs="0" length="6">
            <name>XTN.11</name>
            <description>Speed Dial Code</description>
            <datatype>ST</datatype>
        </field>
        <field minOccurs="0" maxOccurs="0" length="199">
            <name>XTN.12</name>
            <description>Unformatted Telephone Number</description>
            <datatype>ST</datatype>
        </field>
    </elements>
</segment>
