<?xml version="1.0" encoding="UTF-8"?>
<segment>
    <name>XON</name>
    <description>Extended Composite Name and Identification Number For Organizations</description>
    <elements>
        <field minOccurs="0" maxOccurs="0">
            <name>XON.1</name>
            <description>Organization Name</description>
            <datatype>ST</datatype>
        </field>
        <field minOccurs="0" maxOccurs="0">
            <name>XON.2</name>
            <description>Organization Name Type Code</description>
            <datatype>IS</datatype>
        </field>
        <field minOccurs="0" maxOccurs="0">
            <name>XON.3</name>
            <description>ID Number</description>
            <datatype>NM</datatype>
        </field>
        <field minOccurs="0" maxOccurs="0">
            <name>XON.4</name>
            <description>Check Digit</description>
            <datatype>NM</datatype>
        </field>
        <field minOccurs="0" maxOccurs="0">
            <name>XON.5</name>
            <description>Check Digit Scheme</description>
            <datatype>ID</datatype>
        </field>
        <field minOccurs="0" maxOccurs="0">
            <name>XON.6</name>
            <description>Assigning Authority</description>
            <datatype>HD</datatype>
        </field>
        <field minOccurs="0" maxOccurs="0">
            <name>XON.7</name>
            <description>Identifier Type Code</description>
            <datatype>ID</datatype>
        </field>
        <field minOccurs="0" maxOccurs="0">
            <name>XON.8</name>
            <description>Assigning Facility</description>
            <datatype>HD</datatype>
        </field>
        <field minOccurs="0" maxOccurs="0">
            <name>XON.9</name>
            <description>Name Representation Code</description>
            <datatype>ID</datatype>
        </field>
        <field minOccurs="0" maxOccurs="0">
            <name>XON.10</name>
            <description>Organization Identifier</description>
            <datatype>ST</datatype>
        </field>
    </elements>
</segment>
