<?xml version="1.0" encoding="UTF-8"?>
<segment>
    <name>PLN</name>
    <description>Practitioner License or Other ID Number</description>
    <elements>
        <field minOccurs="0" maxOccurs="0" length="20">
            <name>PLN.1</name>
            <description>ID Number</description>
            <datatype>ST</datatype>
        </field>
        <field minOccurs="0" maxOccurs="0" length="8" table="0338">
            <name>PLN.2</name>
            <description>Type of ID Number</description>
            <datatype>IS</datatype>
        </field>
        <field minOccurs="0" maxOccurs="0" length="62">
            <name>PLN.3</name>
            <description>State/Other Qualifying Information</description>
            <datatype>ST</datatype>
        </field>
        <field minOccurs="0" maxOccurs="0" length="8">
            <name>PLN.4</name>
            <description>Expiration Date</description>
            <datatype>DT</datatype>
        </field>
    </elements>
</segment>
