<?xml version="1.0" encoding="UTF-8"?>
<segment>
    <name>TQ</name>
    <description>Timing Quantity</description>
    <elements>
        <field minOccurs="0" maxOccurs="0" length="267">
            <name>TQ.1</name>
            <description>Quantity</description>
            <datatype>CQ</datatype>
        </field>
        <field minOccurs="0" maxOccurs="0" length="206">
            <name>TQ.2</name>
            <description>Interval</description>
            <datatype>RI</datatype>
        </field>
        <field minOccurs="0" maxOccurs="0" length="6">
            <name>TQ.3</name>
            <description>Duration</description>
            <datatype>ST</datatype>
        </field>
        <field minOccurs="0" maxOccurs="0" length="26">
            <name>TQ.4</name>
            <description>Start Date/Time</description>
            <datatype>TS</datatype>
        </field>
        <field minOccurs="0" maxOccurs="0" length="26">
            <name>TQ.5</name>
            <description>End Date/Time</description>
            <datatype>TS</datatype>
        </field>
        <field minOccurs="0" maxOccurs="0" length="6">
            <name>TQ.6</name>
            <description>Priority</description>
            <datatype>ST</datatype>
        </field>
        <field minOccurs="0" maxOccurs="0" length="199">
            <name>TQ.7</name>
            <description>Condition</description>
            <datatype>ST</datatype>
        </field>
        <field minOccurs="0" maxOccurs="0" length="200">
            <name>TQ.8</name>
            <description>Text</description>
            <datatype>TX</datatype>
        </field>
        <field minOccurs="0" maxOccurs="0" length="1" table="0472">
            <name>TQ.9</name>
            <description>Conjunction</description>
            <datatype>ID</datatype>
        </field>
        <field minOccurs="0" maxOccurs="0" length="110">
            <name>TQ.10</name>
            <description>Order Sequencing</description>
            <datatype>OSD</datatype>
        </field>
        <field minOccurs="0" maxOccurs="0" length="483">
            <name>TQ.11</name>
            <description>Occurrence Duration</description>
            <datatype>CE</datatype>
        </field>
        <field minOccurs="0" maxOccurs="0" length="4">
            <name>TQ.12</name>
            <description>Total Occurrences</description>
            <datatype>NM</datatype>
        </field>
    </elements>
</segment>
