<?xml version="1.0" encoding="UTF-8"?>
<segment>
    <name>DDI</name>
    <description>Daily Deductible Information</description>
    <elements>
        <field minOccurs="0" maxOccurs="0" length="3">
            <name>DDI.1</name>
            <description>Delay Days</description>
            <datatype>NM</datatype>
        </field>
        <field minOccurs="0" maxOccurs="0" length="16">
            <name>DDI.2</name>
            <description>Monetary Amount</description>
            <datatype>MO</datatype>
        </field>
        <field minOccurs="0" maxOccurs="0" length="4">
            <name>DDI.3</name>
            <description>Number of Days</description>
            <datatype>NM</datatype>
        </field>
    </elements>
</segment>
