<?xml version="1.0" encoding="UTF-8"?>
<segment>
    <name>OCD</name>
    <description>Occurrence Code and Date</description>
    <elements>
        <field minOccurs="0" maxOccurs="0">
            <name>OCD.1</name>
            <description>Occurrence Code</description>
            <datatype>CNE</datatype>
        </field>
        <field minOccurs="0" maxOccurs="0">
            <name>OCD.2</name>
            <description>Occurrence Date</description>
            <datatype>DT</datatype>
        </field>
    </elements>
</segment>
