<?xml version="1.0" encoding="UTF-8"?>
<segment>
    <name>PPN</name>
    <description>Performing Person Time Stamp</description>
    <elements>
        <field minOccurs="0" maxOccurs="0">
            <name>PPN.1</name>
            <description>ID Number</description>
            <datatype>ST</datatype>
        </field>
        <field minOccurs="0" maxOccurs="0">
            <name>PPN.2</name>
            <description>Family Name</description>
            <datatype>FN</datatype>
        </field>
        <field minOccurs="0" maxOccurs="0">
            <name>PPN.3</name>
            <description>Given Name</description>
            <datatype>ST</datatype>
        </field>
        <field minOccurs="0" maxOccurs="0">
            <name>PPN.4</name>
            <description>Second and Further Given Names or Initials Thereof</description>
            <datatype>ST</datatype>
        </field>
        <field minOccurs="0" maxOccurs="0">
            <name>PPN.5</name>
            <description>Suffix</description>
            <datatype>ST</datatype>
        </field>
        <field minOccurs="0" maxOccurs="0">
            <name>PPN.6</name>
            <description>Prefix</description>
            <datatype>ST</datatype>
        </field>
        <field minOccurs="0" maxOccurs="0">
            <name>PPN.7</name>
            <description>Degree</description>
            <datatype>IS</datatype>
        </field>
        <field minOccurs="0" maxOccurs="0">
            <name>PPN.8</name>
            <description>Source Table</description>
            <datatype>IS</datatype>
        </field>
        <field minOccurs="0" maxOccurs="0">
            <name>PPN.9</name>
            <description>Assigning Authority</description>
            <datatype>HD</datatype>
        </field>
        <field minOccurs="0" maxOccurs="0">
            <name>PPN.10</name>
            <description>Name Type Code</description>
            <datatype>ID</datatype>
        </field>
        <field minOccurs="0" maxOccurs="0">
            <name>PPN.11</name>
            <description>Identifier Check Digit</description>
            <datatype>ST</datatype>
        </field>
        <field minOccurs="0" maxOccurs="0">
            <name>PPN.12</name>
            <description>Check Digit Scheme</description>
            <datatype>ID</datatype>
        </field>
        <field minOccurs="0" maxOccurs="0">
            <name>PPN.13</name>
            <description>Identifier Type Code</description>
            <datatype>ID</datatype>
        </field>
        <field minOccurs="0" maxOccurs="0">
            <name>PPN.14</name>
            <description>Assigning Facility</description>
            <datatype>HD</datatype>
        </field>
        <field minOccurs="0" maxOccurs="0">
            <name>PPN.15</name>
            <description>Date/Time Action Performed</description>
            <datatype>TS</datatype>
        </field>
        <field minOccurs="0" maxOccurs="0">
            <name>PPN.16</name>
            <description>Name Representation Code</description>
            <datatype>ID</datatype>
        </field>
        <field minOccurs="0" maxOccurs="0">
            <name>PPN.17</name>
            <description>Name Context</description>
            <datatype>CE</datatype>
        </field>
        <field minOccurs="0" maxOccurs="0">
            <name>PPN.18</name>
            <description>Name Validity Range</description>
            <datatype>DR</datatype>
        </field>
        <field minOccurs="0" maxOccurs="0">
            <name>PPN.19</name>
            <description>Name Assembly Order</description>
            <datatype>ID</datatype>
        </field>
        <field minOccurs="0" maxOccurs="0">
            <name>PPN.20</name>
            <description>Effective Date</description>
            <datatype>TS</datatype>
        </field>
        <field minOccurs="0" maxOccurs="0">
            <name>PPN.21</name>
            <description>Expiration Date</description>
            <datatype>TS</datatype>
        </field>
        <field minOccurs="0" maxOccurs="0">
            <name>PPN.22</name>
            <description>Professional Suffix</description>
            <datatype>ST</datatype>
        </field>
        <field minOccurs="0" maxOccurs="0">
            <name>PPN.23</name>
            <description>Assigning Jurisdiction</description>
            <datatype>CWE</datatype>
        </field>
        <field minOccurs="0" maxOccurs="0">
            <name>PPN.24</name>
            <description>Assigning Agency or Department</description>
            <datatype>CWE</datatype>
        </field>
    </elements>
</segment>
