<?xml version="1.0" encoding="UTF-8"?>
<message>
    <name>EACU07</name>
    <description>Automated Equipment Command</description>
    <segments>
        <segment>MSH</segment>
        <segment minOccurs="0" maxOccurs="unbounded">SFT</segment>
        <segment>EQU</segment>
        <group maxOccurs="unbounded">
            <segment>ECD</segment>
            <segment minOccurs="0">TQ1</segment>
            <group minOccurs="0">
                <segment>SAC</segment>
                <segment minOccurs="0" maxOccurs="unbounded">SPM</segment>
            </group>
            <segment minOccurs="0">CNS</segment>
        </group>
        <segment minOccurs="0">ROL</segment>
    </segments>
</message>
