<?xml version="1.0" encoding="UTF-8"?>
<message>
    <name>MFNM07</name>
    <description>Clinical Study without Phases but with Schedules Master File</description>
    <segments>
        <segment>MSH</segment>
        <segment minOccurs="0" maxOccurs="unbounded">SFT</segment>
        <segment>MFI</segment>
        <group maxOccurs="unbounded">
            <segment>MFE</segment>
            <segment>CM0</segment>
            <segment minOccurs="0" maxOccurs="unbounded">CM2</segment>
        </group>
    </segments>
</message>
