<?xml version="1.0" encoding="UTF-8"?>
<message>
    <name>PMUB01</name>
    <description>Add Personnel Record</description>
    <segments>
        <segment>MSH</segment>
        <segment minOccurs="0" maxOccurs="unbounded">SFT</segment>
        <segment>EVN</segment>
        <segment>STF</segment>
        <segment minOccurs="0" maxOccurs="unbounded">PRA</segment>
        <segment minOccurs="0" maxOccurs="unbounded">ORG</segment>
        <segment minOccurs="0" maxOccurs="unbounded">AFF</segment>
        <segment minOccurs="0" maxOccurs="unbounded">LAN</segment>
        <segment minOccurs="0" maxOccurs="unbounded">EDU</segment>
        <segment minOccurs="0" maxOccurs="unbounded">CER</segment>
    </segments>
</message>
