<?xml version="1.0" encoding="UTF-8"?>
<message>
    <name>OULR21</name>
    <description>Unsolicited Laboratory Observation</description>
    <segments>
        <segment>MSH</segment>
        <segment minOccurs="0" maxOccurs="unbounded">SFT</segment>
        <segment minOccurs="0">NTE</segment>
        <group minOccurs="0">
            <segment>PID</segment>
            <segment minOccurs="0">PD1</segment>
            <segment minOccurs="0" maxOccurs="unbounded">NTE</segment>
        </group>
        <group minOccurs="0">
            <segment>PV1</segment>
            <segment minOccurs="0">PV2</segment>
        </group>
        <group maxOccurs="unbounded">
            <group minOccurs="0">
                <segment>SAC</segment>
                <segment minOccurs="0">SID</segment>
            </group>
            <segment minOccurs="0">ORC</segment>
            <segment>OBR</segment>
            <segment minOccurs="0" maxOccurs="unbounded">NTE</segment>
            <group maxOccurs="unbounded" minOccurs="0">
                <segment>TQ1</segment>
                <segment minOccurs="0" maxOccurs="unbounded">TQ2</segment>
            </group>
            <group maxOccurs="unbounded">
                <segment minOccurs="0">OBX</segment>
                <segment minOccurs="0">TCD</segment>
                <segment minOccurs="0" maxOccurs="unbounded">SID</segment>
                <segment minOccurs="0" maxOccurs="unbounded">NTE</segment>
            </group>
            <segment minOccurs="0" maxOccurs="unbounded">CTI</segment>
        </group>
        <segment minOccurs="0">DSC</segment>
    </segments>
</message>
