<?xml version="1.0" encoding="UTF-8"?>
<message>
    <name>ORUR31</name>
    <description>Unsolicited New Point-Of-Care Observation Message - Search For An Order</description>
    <segments>
        <segment>MSH</segment>
        <segment minOccurs="0" maxOccurs="unbounded">SFT</segment>
        <segment>PID</segment>
        <segment minOccurs="0">PD1</segment>
        <group minOccurs="0">
            <segment>PV1</segment>
            <segment minOccurs="0">PV2</segment>
        </group>
        <segment>ORC</segment>
        <segment>OBR</segment>
        <segment minOccurs="0" maxOccurs="unbounded">NTE</segment>
        <group maxOccurs="unbounded" minOccurs="0">
            <segment>TQ1</segment>
            <segment minOccurs="0" maxOccurs="unbounded">TQ2</segment>
        </group>
        <group maxOccurs="unbounded">
            <segment>OBX</segment>
            <segment minOccurs="0" maxOccurs="unbounded">NTE</segment>
        </group>
    </segments>
</message>
