<?xml version="1.0" encoding="UTF-8"?>
<message>
    <name>BARP01</name>
    <description>Add Patient Accounts</description>
    <segments>
        <segment>MSH</segment>
        <segment minOccurs="0" maxOccurs="unbounded">SFT</segment>
        <segment>EVN</segment>
        <segment>PID</segment>
        <segment minOccurs="0">PD1</segment>
        <segment minOccurs="0" maxOccurs="unbounded">ROL</segment>
        <group maxOccurs="unbounded">
            <segment minOccurs="0">PV1</segment>
            <segment minOccurs="0">PV2</segment>
            <segment minOccurs="0" maxOccurs="unbounded">ROL</segment>
            <segment minOccurs="0" maxOccurs="unbounded">DB1</segment>
            <segment minOccurs="0" maxOccurs="unbounded">OBX</segment>
            <segment minOccurs="0" maxOccurs="unbounded">AL1</segment>
            <segment minOccurs="0" maxOccurs="unbounded">DG1</segment>
            <segment minOccurs="0">DRG</segment>
            <group maxOccurs="unbounded" minOccurs="0">
                <segment>PR1</segment>
                <segment minOccurs="0" maxOccurs="unbounded">ROL</segment>
            </group>
            <segment minOccurs="0" maxOccurs="unbounded">GT1</segment>
            <segment minOccurs="0" maxOccurs="unbounded">NK1</segment>
            <group maxOccurs="unbounded" minOccurs="0">
                <segment>IN1</segment>
                <segment minOccurs="0">IN2</segment>
                <segment minOccurs="0" maxOccurs="unbounded">IN3</segment>
                <segment minOccurs="0" maxOccurs="unbounded">ROL</segment>
            </group>
            <segment minOccurs="0">ACC</segment>
            <segment minOccurs="0">UB1</segment>
            <segment minOccurs="0">UB2</segment>
        </group>
    </segments>
</message>
