<?xml version="1.0" encoding="UTF-8"?>
<message>
    <name>SURP09</name>
    <description>Summary Product Experience Report</description>
    <segments>
        <segment>MSH</segment>
        <group maxOccurs="unbounded">
            <segment>FAC</segment>
            <group maxOccurs="unbounded">
                <segment>PSH</segment>
                <segment>PDC</segment>
            </group>
            <segment>PSH</segment>
            <group maxOccurs="unbounded">
                <segment>FAC</segment>
                <segment>PDC</segment>
                <segment>NTE</segment>
            </group>
            <segment>ED</segment>
        </group>
    </segments>
</message>
