<?xml version="1.0" encoding="UTF-8"?>
<message>
    <name>RSPZ82</name>
    <description>Dispense History (response)</description>
    <segments>
        <segment>MSH</segment>
        <segment minOccurs="0" maxOccurs="unbounded">SFT</segment>
        <segment>MSA</segment>
        <segment minOccurs="0">ERR</segment>
        <segment>QAK</segment>
        <segment>QPD</segment>
        <segment>RCP</segment>
        <group maxOccurs="unbounded">
            <group minOccurs="0">
                <segment>PID</segment>
                <segment minOccurs="0">PD1</segment>
                <segment minOccurs="0" maxOccurs="unbounded">NTE</segment>
                <group minOccurs="0">
                    <segment maxOccurs="unbounded">AL1</segment>
                    <segment>PV1</segment>
                    <segment minOccurs="0">PV2</segment>
                </group>
            </group>
            <group maxOccurs="unbounded">
                <segment>ORC</segment>
                <group maxOccurs="unbounded" minOccurs="0">
                    <segment>TQ1</segment>
                    <segment minOccurs="0" maxOccurs="unbounded">TQ2</segment>
                </group>
                <group minOccurs="0">
                    <segment>RXO</segment>
                    <segment minOccurs="0" maxOccurs="unbounded">NTE</segment>
                    <segment maxOccurs="unbounded">RXR</segment>
                    <group minOccurs="0">
                        <segment maxOccurs="unbounded">RXC</segment>
                        <segment minOccurs="0" maxOccurs="unbounded">NTE</segment>
                    </group>
                </group>
                <group minOccurs="0">
                    <segment>RXE</segment>
                    <group maxOccurs="unbounded" minOccurs="0">
                        <segment>TQ1</segment>
                        <segment minOccurs="0" maxOccurs="unbounded">TQ2</segment>
                    </group>
                    <segment maxOccurs="unbounded">RXR</segment>
                    <segment minOccurs="0" maxOccurs="unbounded">RXC</segment>
                </group>
                <segment>RXD</segment>
                <segment maxOccurs="unbounded">RXR</segment>
                <segment minOccurs="0" maxOccurs="unbounded">RXC</segment>
                <group maxOccurs="unbounded">
                    <segment minOccurs="0">OBX</segment>
                    <segment minOccurs="0" maxOccurs="unbounded">NTE</segment>
                </group>
            </group>
        </group>
        <segment minOccurs="0">DSC</segment>
    </segments>
</message>
