<?xml version="1.0" encoding="UTF-8"?>
<message>
    <name>ADTA45</name>
    <description>Move Visit Information - Visit Number</description>
    <segments>
        <segment>MSH</segment>
        <segment minOccurs="0" maxOccurs="unbounded">SFT</segment>
        <segment>EVN</segment>
        <segment>PID</segment>
        <segment minOccurs="0">PD1</segment>
        <group maxOccurs="unbounded" name="MERGE_INFO">
            <segment>MRG</segment>
            <segment>PV1</segment>
        </group>
    </segments>
</message>
