<?xml version="1.0" encoding="UTF-8"?>
<message>
    <name>MFNM03</name>
    <description>Master File - Test/Observation (for Backward Compatibility Only)</description>
    <segments>
        <segment>MSH</segment>
        <segment minOccurs="0" maxOccurs="unbounded">SFT</segment>
        <segment>MFI</segment>
        <group maxOccurs="unbounded">
            <segment>MFE</segment>
            <segment>OM1</segment>
            <segment>ANY</segment>
        </group>
    </segments>
</message>
