<?xml version="1.0" encoding="UTF-8"?>
<message>
    <name>ADTA39</name>
    <description>Merge Person - Patient ID (for Backward Compatibility Only)</description>
    <segments>
        <segment>MSH</segment>
        <segment minOccurs="0" maxOccurs="unbounded">SFT</segment>
        <segment>EVN</segment>
        <group maxOccurs="unbounded">
            <segment>PID</segment>
            <segment minOccurs="0">PD1</segment>
            <segment>MRG</segment>
            <segment minOccurs="0">PV1</segment>
        </group>
    </segments>
</message>
