<?xml version="1.0" encoding="UTF-8"?>
<message>
    <name>NMDN02</name>
    <description>Application Management Data Message (Unsolicited)</description>
    <segments>
        <segment>MSH</segment>
        <segment minOccurs="0" maxOccurs="unbounded">SFT</segment>
        <group maxOccurs="unbounded">
            <group minOccurs="0">
                <segment>NCK</segment>
                <segment minOccurs="0" maxOccurs="unbounded">NTE</segment>
            </group>
            <group minOccurs="0">
                <segment>NST</segment>
                <segment minOccurs="0" maxOccurs="unbounded">NTE</segment>
            </group>
            <group minOccurs="0">
                <segment>NSC</segment>
                <segment minOccurs="0" maxOccurs="unbounded">NTE</segment>
            </group>
        </group>
    </segments>
</message>
