<?xml version="1.0" encoding="UTF-8"?>
<message>
    <name>ORLO36</name>
    <description>Laboratory Order Response Message to a Single Container of a Specimen OML</description>
    <segments>
        <segment>MSH</segment>
        <segment>MSA</segment>
        <segment minOccurs="0" maxOccurs="unbounded">ERR</segment>
        <segment minOccurs="0" maxOccurs="unbounded">SFT</segment>
        <segment minOccurs="0" maxOccurs="unbounded">NTE</segment>
        <group maxOccurs="unbounded" minOccurs="0">
            <segment>PID</segment>
            <group maxOccurs="unbounded">
                <segment>SPM</segment>
                <segment minOccurs="0" maxOccurs="unbounded">OBX</segment>
                <group maxOccurs="unbounded">
                    <segment>SAC</segment>
                    <group maxOccurs="unbounded" minOccurs="0">
                        <segment>ORC</segment>
                        <group maxOccurs="unbounded" minOccurs="0">
                            <segment>TQ1</segment>
                            <segment minOccurs="0" maxOccurs="unbounded">TQ2</segment>
                        </group>
                        <segment>OBR</segment>
                    </group>
                </group>
            </group>
        </group>
    </segments>
</message>
