<?xml version="1.0" encoding="UTF-8"?>
<message>
    <name>OSRQ06</name>
    <description>Query For Order Status - Response</description>
    <segments>
        <segment>MSH</segment>
        <segment>MSA</segment>
        <segment minOccurs="0" maxOccurs="unbounded">ERR</segment>
        <segment minOccurs="0" maxOccurs="unbounded">SFT</segment>
        <segment minOccurs="0" maxOccurs="unbounded">NTE</segment>
        <segment>QRD</segment>
        <segment minOccurs="0">QRF</segment>
        <group minOccurs="0">
            <group minOccurs="0">
                <segment>PID</segment>
                <segment minOccurs="0" maxOccurs="unbounded">NTE</segment>
            </group>
            <group maxOccurs="unbounded">
                <segment>ORC</segment>
                <group maxOccurs="unbounded" minOccurs="0">
                    <segment>TQ1</segment>
                    <segment minOccurs="0" maxOccurs="unbounded">TQ2</segment>
                </group>
                <group maxOccurs="unbounded" minOccurs="0">
                    <segment>OBR</segment>
                    <segment>RQD</segment>
                    <segment>RQ1</segment>
                    <segment>RXO</segment>
                    <segment>ODS</segment>
                    <segment>ODT</segment>
                </group>
                <segment minOccurs="0" maxOccurs="unbounded">NTE</segment>
                <segment minOccurs="0" maxOccurs="unbounded">CTI</segment>
            </group>
        </group>
        <segment minOccurs="0">DSC</segment>
    </segments>
</message>
