<?xml version="1.0" encoding="UTF-8"?>
<message>
    <name>ADTA60</name>
    <description>Update Allergy Information</description>
    <segments>
        <segment>MSH</segment>
        <segment minOccurs="0" maxOccurs="unbounded">SFT</segment>
        <segment>EVN</segment>
        <segment>PID</segment>
        <segment minOccurs="0">PV1</segment>
        <segment minOccurs="0">PV2</segment>
        <segment minOccurs="0" maxOccurs="unbounded">IAM</segment>
    </segments>
</message>
