<?xml version="1.0" encoding="UTF-8"?>
<message>
    <name>RDYZ98</name>
    <description>Dispense History (response)</description>
    <segments>
        <segment>MSH</segment>
        <segment minOccurs="0" maxOccurs="unbounded">SFT</segment>
        <segment>MSA</segment>
        <segment minOccurs="0">ERR</segment>
        <segment>QAK</segment>
        <segment>QPD</segment>
        <segment minOccurs="0" maxOccurs="unbounded">DSP</segment>
        <segment minOccurs="0">DSC</segment>
    </segments>
</message>
