<?xml version="1.0" encoding="UTF-8"?>
<message>
    <name>RTBK13</name>
    <description>Tabular Response In Response to QBPQ13</description>
    <segments>
        <segment>MSH</segment>
        <segment minOccurs="0" maxOccurs="unbounded">SFT</segment>
        <segment>MSA</segment>
        <segment minOccurs="0">ERR</segment>
        <segment>QAK</segment>
        <segment>QPD</segment>
        <group minOccurs="0">
            <segment>RDF</segment>
            <segment minOccurs="0" maxOccurs="unbounded">RDT</segment>
        </group>
        <segment minOccurs="0">DSC</segment>
    </segments>
</message>
