<?xml version="1.0" encoding="UTF-8"?>
<message>
    <name>ADTA43</name>
    <description>Move Patient Information - Patient Identifier List</description>
    <segments>
        <segment>MSH</segment>
        <segment minOccurs="0" maxOccurs="unbounded">SFT</segment>
        <segment>EVN</segment>
        <group maxOccurs="unbounded" name="PATIENT">
            <segment>PID</segment>
            <segment minOccurs="0">PD1</segment>
            <segment>MRG</segment>
        </group>
    </segments>
</message>
