<?xml version="1.0" encoding="UTF-8"?>
<message>
    <name>ORBO28</name>
    <description>Blood Product Order Acknowledgment</description>
    <segments>
        <segment>MSH</segment>
        <segment>MSA</segment>
        <segment minOccurs="0" maxOccurs="unbounded">ERR</segment>
        <segment minOccurs="0" maxOccurs="unbounded">SFT</segment>
        <segment minOccurs="0" maxOccurs="unbounded">NTE</segment>
        <group maxOccurs="unbounded" minOccurs="0">
            <segment>PID</segment>
            <group maxOccurs="unbounded" minOccurs="0">
                <segment>ORC</segment>
                <group maxOccurs="unbounded" minOccurs="0">
                    <segment>TQ1</segment>
                    <segment minOccurs="0" maxOccurs="unbounded">TQ2</segment>
                </group>
                <segment minOccurs="0">BPO</segment>
            </group>
        </group>
    </segments>
</message>
