<?xml version="1.0" encoding="UTF-8"?>
<message>
    <name>BPSO29</name>
    <description>Blood Product Dispense Status</description>
    <segments>
        <segment>MSH</segment>
        <segment minOccurs="0" maxOccurs="unbounded">SFT</segment>
        <segment minOccurs="0" maxOccurs="unbounded">NTE</segment>
        <group minOccurs="0">
            <segment>PID</segment>
            <segment minOccurs="0">PD1</segment>
            <segment minOccurs="0" maxOccurs="unbounded">NTE</segment>
            <group minOccurs="0">
                <segment>PV1</segment>
                <segment minOccurs="0">PV2</segment>
            </group>
        </group>
        <group maxOccurs="unbounded">
            <segment>ORC</segment>
            <group maxOccurs="unbounded" minOccurs="0">
                <segment>TQ1</segment>
                <segment minOccurs="0" maxOccurs="unbounded">TQ2</segment>
            </group>
            <segment>BPO</segment>
            <segment minOccurs="0" maxOccurs="unbounded">NTE</segment>
            <group maxOccurs="unbounded" minOccurs="0">
                <segment>BPX</segment>
                <segment minOccurs="0" maxOccurs="unbounded">NTE</segment>
            </group>
        </group>
    </segments>
</message>
