<?xml version="1.0" encoding="UTF-8"?>
<message>
    <name>SRRS10</name>
    <description>Request Discontinuation of Service/Resource on Appointment - Response</description>
    <segments>
        <segment>MSH</segment>
        <segment>MSA</segment>
        <segment minOccurs="0" maxOccurs="unbounded">ERR</segment>
        <group minOccurs="0">
            <segment>SCH</segment>
            <segment minOccurs="0" maxOccurs="unbounded">TQ1</segment>
            <segment minOccurs="0" maxOccurs="unbounded">NTE</segment>
            <group maxOccurs="unbounded" minOccurs="0">
                <segment>PID</segment>
                <segment minOccurs="0">PV1</segment>
                <segment minOccurs="0">PV2</segment>
                <segment minOccurs="0" maxOccurs="unbounded">DG1</segment>
            </group>
            <group maxOccurs="unbounded">
                <segment>RGS</segment>
                <group maxOccurs="unbounded" minOccurs="0">
                    <segment>AIS</segment>
                    <segment minOccurs="0" maxOccurs="unbounded">NTE</segment>
                </group>
                <group maxOccurs="unbounded" minOccurs="0">
                    <segment>AIG</segment>
                    <segment minOccurs="0" maxOccurs="unbounded">NTE</segment>
                </group>
                <group maxOccurs="unbounded" minOccurs="0">
                    <segment>AIL</segment>
                    <segment minOccurs="0" maxOccurs="unbounded">NTE</segment>
                </group>
                <group maxOccurs="unbounded" minOccurs="0">
                    <segment>AIP</segment>
                    <segment minOccurs="0" maxOccurs="unbounded">NTE</segment>
                </group>
            </group>
        </group>
    </segments>
</message>
