<?xml version="1.0" encoding="UTF-8"?>
<message>
    <name>RSPK24</name>
    <description>Allocate Identifiers Response</description>
    <segments>
        <segment>MSH</segment>
        <segment minOccurs="0" maxOccurs="unbounded">SFT</segment>
        <segment>MSA</segment>
        <segment minOccurs="0">ERR</segment>
        <segment>QAK</segment>
        <segment>QPD</segment>
        <segment>PID</segment>
        <segment minOccurs="0">DSC</segment>
    </segments>
</message>
