<?xml version="1.0" encoding="UTF-8"?>
<message>
    <name>MFNM02</name>
    <description>Master File - Staff Practitioner</description>
    <segments>
        <segment>MSH</segment>
        <segment minOccurs="0" maxOccurs="unbounded">SFT</segment>
        <segment>MFI</segment>
        <group maxOccurs="unbounded">
            <segment>MFE</segment>
            <segment>STF</segment>
            <segment minOccurs="0" maxOccurs="unbounded">PRA</segment>
            <segment minOccurs="0" maxOccurs="unbounded">ORG</segment>
            <segment minOccurs="0" maxOccurs="unbounded">AFF</segment>
            <segment minOccurs="0" maxOccurs="unbounded">LAN</segment>
            <segment minOccurs="0" maxOccurs="unbounded">EDU</segment>
            <segment minOccurs="0" maxOccurs="unbounded">CER</segment>
            <segment minOccurs="0" maxOccurs="unbounded">NTE</segment>
        </group>
    </segments>
</message>
