<?xml version="1.0" encoding="UTF-8"?>
<message>
    <name>CRMC04</name>
    <description>Patient Has Gone Off a Clinical Trial</description>
    <segments>
        <segment>MSH</segment>
        <segment minOccurs="0" maxOccurs="unbounded">SFT</segment>
        <group maxOccurs="unbounded">
            <segment>PID</segment>
            <segment minOccurs="0">PV1</segment>
            <segment>CSR</segment>
            <segment minOccurs="0" maxOccurs="unbounded">CSP</segment>
        </group>
    </segments>
</message>
