<?xml version="1.0" encoding="UTF-8"?>
<message>
    <name>MFKM15</name>
    <description>Inventory Item Master File Notification - Response</description>
    <segments>
        <segment>MSH</segment>
        <segment minOccurs="0" maxOccurs="unbounded">SFT</segment>
        <segment>MSA</segment>
        <segment minOccurs="0" maxOccurs="unbounded">ERR</segment>
        <segment>MFI</segment>
        <segment minOccurs="0" maxOccurs="unbounded">MFA</segment>
    </segments>
</message>
