<?xml version="1.0" encoding="UTF-8"?>
<message>
    <name>SSUU03</name>
    <description>Specimen Status Update</description>
    <segments>
        <segment>MSH</segment>
        <segment minOccurs="0" maxOccurs="unbounded">SFT</segment>
        <segment>EQU</segment>
        <group maxOccurs="unbounded">
            <segment>SAC</segment>
            <segment minOccurs="0" maxOccurs="unbounded">OBX</segment>
            <group maxOccurs="unbounded" minOccurs="0">
                <segment>SPM</segment>
                <segment minOccurs="0" maxOccurs="unbounded">OBX</segment>
            </group>
        </group>
        <segment minOccurs="0">ROL</segment>
    </segments>
</message>
