<?xml version="1.0" encoding="UTF-8"?>
<message>
    <name>RSPK22</name>
    <description>Find Candidates Response</description>
    <segments>
        <segment>MSH</segment>
        <segment minOccurs="0" maxOccurs="unbounded">SFT</segment>
        <segment>MSA</segment>
        <segment minOccurs="0">ERR</segment>
        <segment>QAK</segment>
        <segment>QPD</segment>
        <group maxOccurs="unbounded" minOccurs="0">
            <segment>PID</segment>
            <segment minOccurs="0">PD1</segment>
            <segment minOccurs="0" maxOccurs="unbounded">NK1</segment>
            <segment>QRI</segment>
        </group>
        <segment minOccurs="0">DSC</segment>
    </segments>
</message>
