<?xml version="1.0" encoding="UTF-8"?>
<message>
    <name>TCUU11</name>
    <description>Automated Equipment Test Code Settings Request</description>
    <segments>
        <segment>MSH</segment>
        <segment minOccurs="0" maxOccurs="unbounded">SFT</segment>
        <segment>EQU</segment>
        <group maxOccurs="unbounded">
            <segment minOccurs="0">SPM</segment>
            <segment maxOccurs="unbounded">TCC</segment>
        </group>
        <segment minOccurs="0">ROL</segment>
    </segments>
</message>
