<?xml version="1.0" encoding="UTF-8"?>
<message>
    <name>SSRU04</name>
    <description>Specimen Status Request</description>
    <segments>
        <segment>MSH</segment>
        <segment minOccurs="0" maxOccurs="unbounded">SFT</segment>
        <segment>EQU</segment>
        <group maxOccurs="unbounded">
            <segment>SAC</segment>
            <segment minOccurs="0" maxOccurs="unbounded">SPM</segment>
        </group>
        <segment minOccurs="0">ROL</segment>
    </segments>
</message>
