<?xml version="1.0" encoding="UTF-8"?>
<message>
    <name>EANU09</name>
    <description>Automated Equipment Notification</description>
    <segments>
        <segment>MSH</segment>
        <segment minOccurs="0" maxOccurs="unbounded">SFT</segment>
        <segment>EQU</segment>
        <group maxOccurs="unbounded">
            <segment>NDS</segment>
            <segment minOccurs="0">NTE</segment>
        </group>
        <segment minOccurs="0">ROL</segment>
    </segments>
</message>
