<?xml version="1.0" encoding="UTF-8"?>
<message>
    <name>RSPZ90</name>
    <description>Lab Results History (response)</description>
    <segments>
        <segment>MSH</segment>
        <segment minOccurs="0" maxOccurs="unbounded">SFT</segment>
        <segment>MSA</segment>
        <segment minOccurs="0">ERR</segment>
        <segment>QAK</segment>
        <segment>QPD</segment>
        <segment>RCP</segment>
        <group maxOccurs="unbounded">
            <group minOccurs="0">
                <segment>PID</segment>
                <segment minOccurs="0">PD1</segment>
                <segment minOccurs="0" maxOccurs="unbounded">NK1</segment>
                <segment minOccurs="0" maxOccurs="unbounded">NTE</segment>
                <group minOccurs="0">
                    <segment>PV1</segment>
                    <segment minOccurs="0">PV2</segment>
                </group>
            </group>
            <group maxOccurs="unbounded">
                <segment>ORC</segment>
                <group maxOccurs="unbounded" minOccurs="0">
                    <segment>TQ1</segment>
                    <segment minOccurs="0" maxOccurs="unbounded">TQ2</segment>
                </group>
                <segment>OBR</segment>
                <segment minOccurs="0" maxOccurs="unbounded">NTE</segment>
                <segment minOccurs="0">CTD</segment>
                <group maxOccurs="unbounded">
                    <segment minOccurs="0">OBX</segment>
                    <segment minOccurs="0" maxOccurs="unbounded">NTE</segment>
                </group>
            </group>
            <group maxOccurs="unbounded" minOccurs="0">
                <segment>SPM</segment>
                <segment minOccurs="0" maxOccurs="unbounded">OBX</segment>
            </group>
        </group>
        <segment>DSC</segment>
    </segments>
</message>
