<?xml version="1.0" encoding="UTF-8"?>
<message>
    <name>ADTA02</name>
    <description>Transfer a Patient</description>
    <segments>
        <segment>MSH</segment>
        <segment minOccurs="0" maxOccurs="unbounded">SFT</segment>
        <segment>EVN</segment>
        <segment>PID</segment>
        <segment minOccurs="0">PD1</segment>
        <segment minOccurs="0" maxOccurs="unbounded">ROL</segment>
        <segment>PV1</segment>
        <segment minOccurs="0">PV2</segment>
        <segment minOccurs="0" maxOccurs="unbounded">ROL</segment>
        <segment minOccurs="0" maxOccurs="unbounded">DB1</segment>
        <segment minOccurs="0" maxOccurs="unbounded">OBX</segment>
        <segment minOccurs="0">PDA</segment>
    </segments>
</message>
