<?xml version="1.0" encoding="UTF-8"?>
<segment>
    <name>BPX</name>
    <description>Blood Product Dispense Status</description>
    <elements>
        <field minOccurs="1" maxOccurs="0">
            <name>BPX.1</name>
            <description>Set ID</description>
            <datatype>SI</datatype>
        </field>
        <field minOccurs="1" maxOccurs="0">
            <name>BPX.2</name>
            <description>Dispense Status</description>
            <datatype>CWE</datatype>
        </field>
        <field minOccurs="1" maxOccurs="0">
            <name>BPX.3</name>
            <description>Status</description>
            <datatype>ID</datatype>
        </field>
        <field minOccurs="1" maxOccurs="0">
            <name>BPX.4</name>
            <description>Date/Time of Status</description>
            <datatype>TS</datatype>
        </field>
        <field minOccurs="0" maxOccurs="0">
            <name>BPX.5</name>
            <description>Donation ID</description>
            <datatype>EI</datatype>
        </field>
        <field minOccurs="0" maxOccurs="0">
            <name>BPX.6</name>
            <description>Component</description>
            <datatype>CNE</datatype>
        </field>
        <field minOccurs="0" maxOccurs="0">
            <name>BPX.7</name>
            <description>Donation Type/Intended Use</description>
            <datatype>CNE</datatype>
        </field>
        <field minOccurs="0" maxOccurs="0">
            <name>BPX.8</name>
            <description>Commercial Product</description>
            <datatype>CWE</datatype>
        </field>
        <field minOccurs="0" maxOccurs="0">
            <name>BPX.9</name>
            <description>Manufacturer</description>
            <datatype>XON</datatype>
        </field>
        <field minOccurs="0" maxOccurs="0">
            <name>BPX.10</name>
            <description>Lot Number</description>
            <datatype>EI</datatype>
        </field>
        <field minOccurs="0" maxOccurs="0">
            <name>BPX.11</name>
            <description>Blood Group</description>
            <datatype>CNE</datatype>
        </field>
        <field minOccurs="0" maxOccurs="unbounded">
            <name>BPX.12</name>
            <description>Special Testing</description>
            <datatype>CNE</datatype>
        </field>
        <field minOccurs="0" maxOccurs="0">
            <name>BPX.13</name>
            <description>Expiration Date/Time</description>
            <datatype>TS</datatype>
        </field>
        <field minOccurs="1" maxOccurs="0">
            <name>BPX.14</name>
            <description>Quantity</description>
            <datatype>NM</datatype>
        </field>
        <field minOccurs="0" maxOccurs="0">
            <name>BPX.15</name>
            <description>Amount</description>
            <datatype>NM</datatype>
        </field>
        <field minOccurs="0" maxOccurs="0">
            <name>BPX.16</name>
            <description>Units</description>
            <datatype>CE</datatype>
        </field>
        <field minOccurs="0" maxOccurs="0">
            <name>BPX.17</name>
            <description>Unique ID</description>
            <datatype>EI</datatype>
        </field>
        <field minOccurs="0" maxOccurs="0">
            <name>BPX.18</name>
            <description>Actual Dispensed to Location</description>
            <datatype>PL</datatype>
        </field>
        <field minOccurs="0" maxOccurs="0">
            <name>BPX.19</name>
            <description>Actual Dispensed to Address</description>
            <datatype>XAD</datatype>
        </field>
        <field minOccurs="0" maxOccurs="0">
            <name>BPX.20</name>
            <description>Dispensed to Receiver</description>
            <datatype>XCN</datatype>
        </field>
        <field minOccurs="0" maxOccurs="0">
            <name>BPX.21</name>
            <description>Dispensing Individual</description>
            <datatype>XCN</datatype>
        </field>
    </elements>
</segment>
