<?xml version="1.0" encoding="UTF-8"?>
<segment>
    <name>ARQ</name>
    <description>Appointment Request</description>
    <elements>
        <field minOccurs="1" maxOccurs="0">
            <name>ARQ.1</name>
            <description>Placer Appointment ID</description>
            <datatype>EI</datatype>
        </field>
        <field minOccurs="0" maxOccurs="0">
            <name>ARQ.2</name>
            <description>Filler Appointment ID</description>
            <datatype>EI</datatype>
        </field>
        <field minOccurs="0" maxOccurs="0">
            <name>ARQ.3</name>
            <description>Occurrence Number</description>
            <datatype>NM</datatype>
        </field>
        <field minOccurs="0" maxOccurs="0">
            <name>ARQ.4</name>
            <description>Placer Group Number</description>
            <datatype>EI</datatype>
        </field>
        <field minOccurs="0" maxOccurs="0">
            <name>ARQ.5</name>
            <description>Schedule ID</description>
            <datatype>CE</datatype>
        </field>
        <field minOccurs="0" maxOccurs="0">
            <name>ARQ.6</name>
            <description>Request Event Reason</description>
            <datatype>CE</datatype>
        </field>
        <field minOccurs="0" maxOccurs="0">
            <name>ARQ.7</name>
            <description>Appointment Reason</description>
            <datatype>CE</datatype>
        </field>
        <field minOccurs="0" maxOccurs="0">
            <name>ARQ.8</name>
            <description>Appointment Type</description>
            <datatype>CE</datatype>
        </field>
        <field minOccurs="0" maxOccurs="0">
            <name>ARQ.9</name>
            <description>Appointment Duration</description>
            <datatype>NM</datatype>
        </field>
        <field minOccurs="0" maxOccurs="0">
            <name>ARQ.10</name>
            <description>Appointment Duration Units</description>
            <datatype>CE</datatype>
        </field>
        <field minOccurs="0" maxOccurs="unbounded">
            <name>ARQ.11</name>
            <description>Requested Start Date/Time Range</description>
            <datatype>DR</datatype>
        </field>
        <field minOccurs="0" maxOccurs="0">
            <name>ARQ.12</name>
            <description>Priority</description>
            <datatype>ST</datatype>
        </field>
        <field minOccurs="0" maxOccurs="0">
            <name>ARQ.13</name>
            <description>Repeating Interval</description>
            <datatype>RI</datatype>
        </field>
        <field minOccurs="0" maxOccurs="0">
            <name>ARQ.14</name>
            <description>Repeating Interval Duration</description>
            <datatype>ST</datatype>
        </field>
        <field minOccurs="1" maxOccurs="unbounded">
            <name>ARQ.15</name>
            <description>Placer Contact Person</description>
            <datatype>XCN</datatype>
        </field>
        <field minOccurs="0" maxOccurs="unbounded">
            <name>ARQ.16</name>
            <description>Placer Contact Phone Number</description>
            <datatype>XTN</datatype>
        </field>
        <field minOccurs="0" maxOccurs="unbounded">
            <name>ARQ.17</name>
            <description>Placer Contact Address</description>
            <datatype>XAD</datatype>
        </field>
        <field minOccurs="0" maxOccurs="0">
            <name>ARQ.18</name>
            <description>Placer Contact Location</description>
            <datatype>PL</datatype>
        </field>
        <field minOccurs="1" maxOccurs="unbounded">
            <name>ARQ.19</name>
            <description>Entered by Person</description>
            <datatype>XCN</datatype>
        </field>
        <field minOccurs="0" maxOccurs="unbounded">
            <name>ARQ.20</name>
            <description>Entered by Phone Number</description>
            <datatype>XTN</datatype>
        </field>
        <field minOccurs="0" maxOccurs="0">
            <name>ARQ.21</name>
            <description>Entered by Location</description>
            <datatype>PL</datatype>
        </field>
        <field minOccurs="0" maxOccurs="0">
            <name>ARQ.22</name>
            <description>Parent Placer Appointment ID</description>
            <datatype>EI</datatype>
        </field>
        <field minOccurs="0" maxOccurs="0">
            <name>ARQ.23</name>
            <description>Parent Filler Appointment ID</description>
            <datatype>EI</datatype>
        </field>
        <field minOccurs="0" maxOccurs="unbounded">
            <name>ARQ.24</name>
            <description>Placer Order Number</description>
            <datatype>EI</datatype>
        </field>
        <field minOccurs="0" maxOccurs="unbounded">
            <name>ARQ.25</name>
            <description>Filler Order Number</description>
            <datatype>EI</datatype>
        </field>
    </elements>
</segment>
