<?xml version="1.0" encoding="UTF-8"?>
<segment>
    <name>IAM</name>
    <description>Patient Adverse Reaction Information</description>
    <elements>
        <field minOccurs="1" maxOccurs="0">
            <name>IAM.1</name>
            <description>Set ID</description>
            <datatype>SI</datatype>
        </field>
        <field minOccurs="0" maxOccurs="0">
            <name>IAM.2</name>
            <description>Allergen Type Code</description>
            <datatype>CE</datatype>
        </field>
        <field minOccurs="1" maxOccurs="0">
            <name>IAM.3</name>
            <description>Allergen Code/Mnemonic/Description</description>
            <datatype>CE</datatype>
        </field>
        <field minOccurs="0" maxOccurs="0">
            <name>IAM.4</name>
            <description>Allergy Severity Code</description>
            <datatype>CE</datatype>
        </field>
        <field minOccurs="0" maxOccurs="unbounded">
            <name>IAM.5</name>
            <description>Allergy Reaction Code</description>
            <datatype>ST</datatype>
        </field>
        <field minOccurs="1" maxOccurs="0">
            <name>IAM.6</name>
            <description>Allergy Action Code</description>
            <datatype>CNE</datatype>
        </field>
        <field minOccurs="0" maxOccurs="0">
            <name>IAM.7</name>
            <description>Allergy Unique Identifier</description>
            <datatype>EI</datatype>
        </field>
        <field minOccurs="0" maxOccurs="0">
            <name>IAM.8</name>
            <description>Action Reason</description>
            <datatype>ST</datatype>
        </field>
        <field minOccurs="0" maxOccurs="0">
            <name>IAM.9</name>
            <description>Sensitivity to Causative Agent Code</description>
            <datatype>CE</datatype>
        </field>
        <field minOccurs="0" maxOccurs="0">
            <name>IAM.10</name>
            <description>Allergen Group Code/Mnemonic/Description</description>
            <datatype>CE</datatype>
        </field>
        <field minOccurs="0" maxOccurs="0">
            <name>IAM.11</name>
            <description>Onset Date</description>
            <datatype>DT</datatype>
        </field>
        <field minOccurs="0" maxOccurs="0">
            <name>IAM.12</name>
            <description>Onset Date Text</description>
            <datatype>ST</datatype>
        </field>
        <field minOccurs="0" maxOccurs="0">
            <name>IAM.13</name>
            <description>Reported Date/Time</description>
            <datatype>TS</datatype>
        </field>
        <field minOccurs="0" maxOccurs="0">
            <name>IAM.14</name>
            <description>Reported By</description>
            <datatype>XPN</datatype>
        </field>
        <field minOccurs="0" maxOccurs="0">
            <name>IAM.15</name>
            <description>Relationship to Patient Code</description>
            <datatype>CE</datatype>
        </field>
        <field minOccurs="0" maxOccurs="0">
            <name>IAM.16</name>
            <description>Alert Device Code</description>
            <datatype>CE</datatype>
        </field>
        <field minOccurs="0" maxOccurs="0">
            <name>IAM.17</name>
            <description>Allergy Clinical Status Code</description>
            <datatype>CE</datatype>
        </field>
        <field minOccurs="0" maxOccurs="0">
            <name>IAM.18</name>
            <description>Statused by Person</description>
            <datatype>XCN</datatype>
        </field>
        <field minOccurs="0" maxOccurs="0">
            <name>IAM.19</name>
            <description>Statused by Organization</description>
            <datatype>XON</datatype>
        </field>
        <field minOccurs="0" maxOccurs="0">
            <name>IAM.20</name>
            <description>Statused At Date/Time</description>
            <datatype>TS</datatype>
        </field>
    </elements>
</segment>
