<?xml version="1.0" encoding="UTF-8"?>
<segment>
    <name>DG1</name>
    <description>Diagnosis</description>
    <elements>
        <field minOccurs="1" maxOccurs="0">
            <name>DG1.1</name>
            <description>Set ID</description>
            <datatype>SI</datatype>
        </field>
        <field minOccurs="0" maxOccurs="0">
            <name>DG1.2</name>
            <description>Diagnosis Coding Method</description>
            <datatype>ID</datatype>
        </field>
        <field minOccurs="0" maxOccurs="0">
            <name>DG1.3</name>
            <description>Diagnosis Code</description>
            <datatype>CE</datatype>
        </field>
        <field minOccurs="0" maxOccurs="0">
            <name>DG1.4</name>
            <description>Diagnosis Description</description>
            <datatype>ST</datatype>
        </field>
        <field minOccurs="0" maxOccurs="0">
            <name>DG1.5</name>
            <description>Diagnosis Date/Time</description>
            <datatype>TS</datatype>
        </field>
        <field minOccurs="1" maxOccurs="0">
            <name>DG1.6</name>
            <description>Diagnosis Type</description>
            <datatype>IS</datatype>
        </field>
        <field minOccurs="0" maxOccurs="0">
            <name>DG1.7</name>
            <description>Major Diagnostic Category</description>
            <datatype>CE</datatype>
        </field>
        <field minOccurs="0" maxOccurs="0">
            <name>DG1.8</name>
            <description>Diagnostic Related Group</description>
            <datatype>CE</datatype>
        </field>
        <field minOccurs="0" maxOccurs="0">
            <name>DG1.9</name>
            <description>Drg Approval Indicator</description>
            <datatype>ID</datatype>
        </field>
        <field minOccurs="0" maxOccurs="0">
            <name>DG1.10</name>
            <description>Drg Grouper Review Code</description>
            <datatype>IS</datatype>
        </field>
        <field minOccurs="0" maxOccurs="0">
            <name>DG1.11</name>
            <description>Outlier Type</description>
            <datatype>CE</datatype>
        </field>
        <field minOccurs="0" maxOccurs="0">
            <name>DG1.12</name>
            <description>Outlier Days</description>
            <datatype>NM</datatype>
        </field>
        <field minOccurs="0" maxOccurs="0">
            <name>DG1.13</name>
            <description>Outlier Cost</description>
            <datatype>CP</datatype>
        </field>
        <field minOccurs="0" maxOccurs="0">
            <name>DG1.14</name>
            <description>Grouper Version and Type</description>
            <datatype>ST</datatype>
        </field>
        <field minOccurs="0" maxOccurs="0">
            <name>DG1.15</name>
            <description>Diagnosis Priority</description>
            <datatype>ID</datatype>
        </field>
        <field minOccurs="0" maxOccurs="unbounded">
            <name>DG1.16</name>
            <description>Diagnosing Clinician</description>
            <datatype>XCN</datatype>
        </field>
        <field minOccurs="0" maxOccurs="0">
            <name>DG1.17</name>
            <description>Diagnosis Classification</description>
            <datatype>IS</datatype>
        </field>
        <field minOccurs="0" maxOccurs="0">
            <name>DG1.18</name>
            <description>Confidential Indicator</description>
            <datatype>ID</datatype>
        </field>
        <field minOccurs="0" maxOccurs="0">
            <name>DG1.19</name>
            <description>Attestation Date/Time</description>
            <datatype>TS</datatype>
        </field>
        <field minOccurs="0" maxOccurs="0">
            <name>DG1.20</name>
            <description>Diagnosis Identifier</description>
            <datatype>EI</datatype>
        </field>
        <field minOccurs="0" maxOccurs="0">
            <name>DG1.21</name>
            <description>Diagnosis Action Code</description>
            <datatype>ID</datatype>
        </field>
    </elements>
</segment>
