<?xml version="1.0" encoding="UTF-8"?>
<segment>
    <name>DSC</name>
    <description>Continuation Pointer</description>
    <elements>
        <field minOccurs="0" maxOccurs="0">
            <name>DSC.1</name>
            <description>Continuation Pointer</description>
            <datatype>ST</datatype>
        </field>
        <field minOccurs="0" maxOccurs="0">
            <name>DSC.2</name>
            <description>Continuation Style</description>
            <datatype>ID</datatype>
        </field>
    </elements>
</segment>
