<?xml version="1.0" encoding="UTF-8"?>
<segment>
    <name>EDU</name>
    <description>Educational Detail</description>
    <elements>
        <field minOccurs="1" maxOccurs="0">
            <name>EDU.1</name>
            <description>Set ID</description>
            <datatype>SI</datatype>
        </field>
        <field minOccurs="0" maxOccurs="0">
            <name>EDU.2</name>
            <description>Academic Degree</description>
            <datatype>IS</datatype>
        </field>
        <field minOccurs="0" maxOccurs="0">
            <name>EDU.3</name>
            <description>Academic Degree Program Date Range</description>
            <datatype>DR</datatype>
        </field>
        <field minOccurs="0" maxOccurs="0">
            <name>EDU.4</name>
            <description>Academic Degree Program Participation Date Range</description>
            <datatype>DR</datatype>
        </field>
        <field minOccurs="0" maxOccurs="0">
            <name>EDU.5</name>
            <description>Academic Degree Granted Date</description>
            <datatype>DT</datatype>
        </field>
        <field minOccurs="0" maxOccurs="0">
            <name>EDU.6</name>
            <description>School</description>
            <datatype>XON</datatype>
        </field>
        <field minOccurs="0" maxOccurs="0">
            <name>EDU.7</name>
            <description>School Type Code</description>
            <datatype>CE</datatype>
        </field>
        <field minOccurs="0" maxOccurs="0">
            <name>EDU.8</name>
            <description>School Address</description>
            <datatype>XAD</datatype>
        </field>
        <field minOccurs="0" maxOccurs="unbounded">
            <name>EDU.9</name>
            <description>Major Field of Study</description>
            <datatype>CWE</datatype>
        </field>
    </elements>
</segment>
