<?xml version="1.0" encoding="UTF-8"?>
<segment>
    <name>LDP</name>
    <description>Location Department</description>
    <elements>
        <field minOccurs="1" maxOccurs="0">
            <name>LDP.1</name>
            <description>Primary Key Value</description>
            <datatype>PL</datatype>
        </field>
        <field minOccurs="1" maxOccurs="0">
            <name>LDP.2</name>
            <description>Location Department</description>
            <datatype>CE</datatype>
        </field>
        <field minOccurs="0" maxOccurs="unbounded">
            <name>LDP.3</name>
            <description>Location Service</description>
            <datatype>IS</datatype>
        </field>
        <field minOccurs="0" maxOccurs="unbounded">
            <name>LDP.4</name>
            <description>Specialty Type</description>
            <datatype>CE</datatype>
        </field>
        <field minOccurs="0" maxOccurs="unbounded">
            <name>LDP.5</name>
            <description>Valid Patient Classes</description>
            <datatype>IS</datatype>
        </field>
        <field minOccurs="0" maxOccurs="0">
            <name>LDP.6</name>
            <description>Active/Inactive Flag</description>
            <datatype>ID</datatype>
        </field>
        <field minOccurs="0" maxOccurs="0">
            <name>LDP.7</name>
            <description>Activation Date</description>
            <datatype>TS</datatype>
        </field>
        <field minOccurs="0" maxOccurs="0">
            <name>LDP.8</name>
            <description>Inactivation Date</description>
            <datatype>TS</datatype>
        </field>
        <field minOccurs="0" maxOccurs="0">
            <name>LDP.9</name>
            <description>Inactivated Reason</description>
            <datatype>ST</datatype>
        </field>
        <field minOccurs="0" maxOccurs="unbounded">
            <name>LDP.10</name>
            <description>Visiting Hours</description>
            <datatype>VH</datatype>
        </field>
        <field minOccurs="0" maxOccurs="0">
            <name>LDP.11</name>
            <description>Contact Phone</description>
            <datatype>XTN</datatype>
        </field>
        <field minOccurs="0" maxOccurs="0">
            <name>LDP.12</name>
            <description>Location Cost Center</description>
            <datatype>CE</datatype>
        </field>
    </elements>
</segment>
