<?xml version="1.0" encoding="UTF-8"?>
<segment>
    <name>ECD</name>
    <description>Equipment Command</description>
    <elements>
        <field minOccurs="1" maxOccurs="0">
            <name>ECD.1</name>
            <description>Reference Command Number</description>
            <datatype>NM</datatype>
        </field>
        <field minOccurs="1" maxOccurs="0">
            <name>ECD.2</name>
            <description>Remote Control Command</description>
            <datatype>CE</datatype>
        </field>
        <field minOccurs="0" maxOccurs="0">
            <name>ECD.3</name>
            <description>Response Required</description>
            <datatype>ID</datatype>
        </field>
        <field minOccurs="0" maxOccurs="0">
            <name>ECD.4</name>
            <description>Requested Completion Time</description>
            <datatype>TQ</datatype>
        </field>
        <field minOccurs="0" maxOccurs="unbounded">
            <name>ECD.5</name>
            <description>Parameters</description>
            <datatype>TX</datatype>
        </field>
    </elements>
</segment>
