<?xml version="1.0" encoding="UTF-8"?>
<segment>
    <name>BTS</name>
    <description>Batch Trailer</description>
    <elements>
        <field minOccurs="0" maxOccurs="0">
            <name>BTS.1</name>
            <description>Batch Message Count</description>
            <datatype>ST</datatype>
        </field>
        <field minOccurs="0" maxOccurs="0">
            <name>BTS.2</name>
            <description>Batch Comment</description>
            <datatype>ST</datatype>
        </field>
        <field minOccurs="0" maxOccurs="unbounded">
            <name>BTS.3</name>
            <description>Batch Totals</description>
            <datatype>NM</datatype>
        </field>
    </elements>
</segment>
