<?xml version="1.0" encoding="UTF-8"?>
<segment>
    <name>AL1</name>
    <description>Patient Allergy Information</description>
    <elements>
        <field minOccurs="1" maxOccurs="0">
            <name>AL1.1</name>
            <description>Set ID</description>
            <datatype>SI</datatype>
        </field>
        <field minOccurs="0" maxOccurs="0">
            <name>AL1.2</name>
            <description>Allergen Type Code</description>
            <datatype>CE</datatype>
        </field>
        <field minOccurs="1" maxOccurs="0">
            <name>AL1.3</name>
            <description>Allergen Code/Mnemonic/Description</description>
            <datatype>CE</datatype>
        </field>
        <field minOccurs="0" maxOccurs="0">
            <name>AL1.4</name>
            <description>Allergy Severity Code</description>
            <datatype>CE</datatype>
        </field>
        <field minOccurs="0" maxOccurs="unbounded">
            <name>AL1.5</name>
            <description>Allergy Reaction Code</description>
            <datatype>ST</datatype>
        </field>
        <field minOccurs="0" maxOccurs="0">
            <name>AL1.6</name>
            <description>Identification Date</description>
            <datatype>DT</datatype>
        </field>
    </elements>
</segment>
