<?xml version="1.0" encoding="UTF-8"?>
<segment>
    <name>BPO</name>
    <description>Blood Product Order</description>
    <elements>
        <field minOccurs="1" maxOccurs="0">
            <name>BPO.1</name>
            <description>Set ID</description>
            <datatype>SI</datatype>
        </field>
        <field minOccurs="1" maxOccurs="0">
            <name>BPO.2</name>
            <description>Universal Service ID</description>
            <datatype>CWE</datatype>
        </field>
        <field minOccurs="0" maxOccurs="unbounded">
            <name>BPO.3</name>
            <description>Processing Requirements</description>
            <datatype>CWE</datatype>
        </field>
        <field minOccurs="1" maxOccurs="0">
            <name>BPO.4</name>
            <description>Quantity</description>
            <datatype>NM</datatype>
        </field>
        <field minOccurs="0" maxOccurs="0">
            <name>BPO.5</name>
            <description>Amount</description>
            <datatype>NM</datatype>
        </field>
        <field minOccurs="0" maxOccurs="0">
            <name>BPO.6</name>
            <description>Units</description>
            <datatype>CE</datatype>
        </field>
        <field minOccurs="0" maxOccurs="0">
            <name>BPO.7</name>
            <description>Intended Use Date/Time</description>
            <datatype>TS</datatype>
        </field>
        <field minOccurs="0" maxOccurs="0">
            <name>BPO.8</name>
            <description>Intended Dispense From Location</description>
            <datatype>PL</datatype>
        </field>
        <field minOccurs="0" maxOccurs="0">
            <name>BPO.9</name>
            <description>Intended Dispense From Address</description>
            <datatype>XAD</datatype>
        </field>
        <field minOccurs="0" maxOccurs="0">
            <name>BPO.10</name>
            <description>Requested Dispense Date/Time</description>
            <datatype>TS</datatype>
        </field>
        <field minOccurs="0" maxOccurs="0">
            <name>BPO.11</name>
            <description>Requested Dispense to Location</description>
            <datatype>PL</datatype>
        </field>
        <field minOccurs="0" maxOccurs="0">
            <name>BPO.12</name>
            <description>Requested Dispense to Address</description>
            <datatype>XAD</datatype>
        </field>
        <field minOccurs="0" maxOccurs="unbounded">
            <name>BPO.13</name>
            <description>Indication For Use</description>
            <datatype>CWE</datatype>
        </field>
        <field minOccurs="0" maxOccurs="0">
            <name>BPO.14</name>
            <description>Informed Consent Indicator</description>
            <datatype>ID</datatype>
        </field>
    </elements>
</segment>
