<?xml version="1.0" encoding="UTF-8"?>
<segment>
    <name>GP2</name>
    <description>Procedure Line Item</description>
    <elements>
        <field minOccurs="0" maxOccurs="0">
            <name>GP2.1</name>
            <description>Revenue Code</description>
            <datatype>IS</datatype>
        </field>
        <field minOccurs="0" maxOccurs="0">
            <name>GP2.2</name>
            <description>Number of Service Units</description>
            <datatype>NM</datatype>
        </field>
        <field minOccurs="0" maxOccurs="0">
            <name>GP2.3</name>
            <description>Charge</description>
            <datatype>CP</datatype>
        </field>
        <field minOccurs="0" maxOccurs="0">
            <name>GP2.4</name>
            <description>Reimbursement Action Code</description>
            <datatype>IS</datatype>
        </field>
        <field minOccurs="0" maxOccurs="0">
            <name>GP2.5</name>
            <description>Denial or Rejection Code</description>
            <datatype>IS</datatype>
        </field>
        <field minOccurs="0" maxOccurs="unbounded">
            <name>GP2.6</name>
            <description>Oce Edit Code</description>
            <datatype>IS</datatype>
        </field>
        <field minOccurs="0" maxOccurs="0">
            <name>GP2.7</name>
            <description>Ambulatory Payment Classification Code</description>
            <datatype>CE</datatype>
        </field>
        <field minOccurs="0" maxOccurs="unbounded">
            <name>GP2.8</name>
            <description>Modifier Edit Code</description>
            <datatype>IS</datatype>
        </field>
        <field minOccurs="0" maxOccurs="0">
            <name>GP2.9</name>
            <description>Payment Adjustment Code</description>
            <datatype>IS</datatype>
        </field>
        <field minOccurs="0" maxOccurs="0">
            <name>GP2.10</name>
            <description>Packaging Status Code</description>
            <datatype>IS</datatype>
        </field>
        <field minOccurs="0" maxOccurs="0">
            <name>GP2.11</name>
            <description>Expected Cms Payment Amount</description>
            <datatype>CP</datatype>
        </field>
        <field minOccurs="0" maxOccurs="0">
            <name>GP2.12</name>
            <description>Reimbursement Type Code</description>
            <datatype>IS</datatype>
        </field>
        <field minOccurs="0" maxOccurs="0">
            <name>GP2.13</name>
            <description>Co-pay Amount</description>
            <datatype>CP</datatype>
        </field>
        <field minOccurs="0" maxOccurs="0">
            <name>GP2.14</name>
            <description>Pay Rate Per Service Unit</description>
            <datatype>NM</datatype>
        </field>
    </elements>
</segment>
