<?xml version="1.0" encoding="UTF-8"?>
<segment>
    <name>AFF</name>
    <description>Professional Affiliation</description>
    <elements>
        <field minOccurs="1" maxOccurs="0">
            <name>AFF.1</name>
            <description>Set ID</description>
            <datatype>SI</datatype>
        </field>
        <field minOccurs="1" maxOccurs="0">
            <name>AFF.2</name>
            <description>Professional Organization</description>
            <datatype>XON</datatype>
        </field>
        <field minOccurs="0" maxOccurs="0">
            <name>AFF.3</name>
            <description>Professional Organization Address</description>
            <datatype>XAD</datatype>
        </field>
        <field minOccurs="0" maxOccurs="unbounded">
            <name>AFF.4</name>
            <description>Professional Organization Affiliation Date Range</description>
            <datatype>DR</datatype>
        </field>
        <field minOccurs="0" maxOccurs="0">
            <name>AFF.5</name>
            <description>Professional Affiliation Additional Information</description>
            <datatype>ST</datatype>
        </field>
    </elements>
</segment>
