<?xml version="1.0" encoding="UTF-8"?>
<segment>
    <name>ISD</name>
    <description>Interaction Status Detail</description>
    <elements>
        <field minOccurs="1" maxOccurs="0">
            <name>ISD.1</name>
            <description>Reference Interaction Number (unique Identifier)</description>
            <datatype>NM</datatype>
        </field>
        <field minOccurs="0" maxOccurs="0">
            <name>ISD.2</name>
            <description>Interaction Type Identifier</description>
            <datatype>CE</datatype>
        </field>
        <field minOccurs="1" maxOccurs="0">
            <name>ISD.3</name>
            <description>Interaction Active State</description>
            <datatype>CE</datatype>
        </field>
    </elements>
</segment>
