<?xml version="1.0" encoding="UTF-8"?>
<segment>
    <name>IIM</name>
    <description>Inventory Item Master</description>
    <elements>
        <field minOccurs="1" maxOccurs="0">
            <name>IIM.1</name>
            <description>Primary Key Value</description>
            <datatype>CWE</datatype>
        </field>
        <field minOccurs="1" maxOccurs="0">
            <name>IIM.2</name>
            <description>Service Item Code</description>
            <datatype>CWE</datatype>
        </field>
        <field minOccurs="0" maxOccurs="0">
            <name>IIM.3</name>
            <description>Inventory Lot Number</description>
            <datatype>ST</datatype>
        </field>
        <field minOccurs="0" maxOccurs="0">
            <name>IIM.4</name>
            <description>Inventory Expiration Date</description>
            <datatype>TS</datatype>
        </field>
        <field minOccurs="0" maxOccurs="0">
            <name>IIM.5</name>
            <description>Inventory Manufacturer Name</description>
            <datatype>CWE</datatype>
        </field>
        <field minOccurs="0" maxOccurs="0">
            <name>IIM.6</name>
            <description>Inventory Location</description>
            <datatype>CWE</datatype>
        </field>
        <field minOccurs="0" maxOccurs="0">
            <name>IIM.7</name>
            <description>Inventory Received Date</description>
            <datatype>TS</datatype>
        </field>
        <field minOccurs="0" maxOccurs="0">
            <name>IIM.8</name>
            <description>Inventory Received Quantity</description>
            <datatype>NM</datatype>
        </field>
        <field minOccurs="0" maxOccurs="0">
            <name>IIM.9</name>
            <description>Inventory Received Quantity Unit</description>
            <datatype>CWE</datatype>
        </field>
        <field minOccurs="0" maxOccurs="0">
            <name>IIM.10</name>
            <description>Inventory Received Item Cost</description>
            <datatype>MO</datatype>
        </field>
        <field minOccurs="0" maxOccurs="0">
            <name>IIM.11</name>
            <description>Inventory On Hand Date</description>
            <datatype>TS</datatype>
        </field>
        <field minOccurs="0" maxOccurs="0">
            <name>IIM.12</name>
            <description>Inventory On Hand Quantity</description>
            <datatype>NM</datatype>
        </field>
        <field minOccurs="0" maxOccurs="0">
            <name>IIM.13</name>
            <description>Inventory On Hand Quantity Unit</description>
            <datatype>CWE</datatype>
        </field>
        <field minOccurs="0" maxOccurs="0">
            <name>IIM.14</name>
            <description>Procedure Code</description>
            <datatype>CE</datatype>
        </field>
        <field minOccurs="0" maxOccurs="unbounded">
            <name>IIM.15</name>
            <description>Procedure Code Modifier</description>
            <datatype>CE</datatype>
        </field>
    </elements>
</segment>
