<?xml version="1.0" encoding="UTF-8"?>
<segment>
    <name>ERR</name>
    <description>Error</description>
    <elements>
        <field minOccurs="0" maxOccurs="unbounded">
            <name>ERR.1</name>
            <description>Error Code and Location</description>
            <datatype>ELD</datatype>
        </field>
        <field minOccurs="0" maxOccurs="unbounded">
            <name>ERR.2</name>
            <description>Error Location</description>
            <datatype>ERL</datatype>
        </field>
        <field minOccurs="1" maxOccurs="0">
            <name>ERR.3</name>
            <description>HL7 Error Code</description>
            <datatype>CWE</datatype>
        </field>
        <field minOccurs="1" maxOccurs="0">
            <name>ERR.4</name>
            <description>Severity</description>
            <datatype>ID</datatype>
        </field>
        <field minOccurs="0" maxOccurs="0">
            <name>ERR.5</name>
            <description>Application Error Code</description>
            <datatype>CWE</datatype>
        </field>
        <field minOccurs="0" maxOccurs="unbounded">
            <name>ERR.6</name>
            <description>Application Error Parameter</description>
            <datatype>ST</datatype>
        </field>
        <field minOccurs="0" maxOccurs="0">
            <name>ERR.7</name>
            <description>Diagnostic Information</description>
            <datatype>TX</datatype>
        </field>
        <field minOccurs="0" maxOccurs="0">
            <name>ERR.8</name>
            <description>User Message</description>
            <datatype>TX</datatype>
        </field>
        <field minOccurs="0" maxOccurs="unbounded">
            <name>ERR.9</name>
            <description>Inform Person Indicator</description>
            <datatype>IS</datatype>
        </field>
        <field minOccurs="0" maxOccurs="0">
            <name>ERR.10</name>
            <description>Override Type</description>
            <datatype>CWE</datatype>
        </field>
        <field minOccurs="0" maxOccurs="unbounded">
            <name>ERR.11</name>
            <description>Override Reason Code</description>
            <datatype>CWE</datatype>
        </field>
        <field minOccurs="0" maxOccurs="unbounded">
            <name>ERR.12</name>
            <description>Help Desk Contact Point</description>
            <datatype>XTN</datatype>
        </field>
    </elements>
</segment>
