<?xml version="1.0" encoding="UTF-8"?>
<segment>
    <name>GP1</name>
    <description>Visit</description>
    <elements>
        <field minOccurs="1" maxOccurs="0">
            <name>GP1.1</name>
            <description>Type of Bill Code</description>
            <datatype>IS</datatype>
        </field>
        <field minOccurs="0" maxOccurs="unbounded">
            <name>GP1.2</name>
            <description>Revenue Code</description>
            <datatype>IS</datatype>
        </field>
        <field minOccurs="0" maxOccurs="0">
            <name>GP1.3</name>
            <description>Overall Claim Disposition Code</description>
            <datatype>IS</datatype>
        </field>
        <field minOccurs="0" maxOccurs="unbounded">
            <name>GP1.4</name>
            <description>Oce Edits Per Visit Code</description>
            <datatype>IS</datatype>
        </field>
        <field minOccurs="0" maxOccurs="0">
            <name>GP1.5</name>
            <description>Outlier Cost</description>
            <datatype>CP</datatype>
        </field>
    </elements>
</segment>
