<?xml version="1.0" encoding="UTF-8"?>
<segment>
    <name>CER</name>
    <description>Certificate Detail</description>
    <elements>
        <field minOccurs="1" maxOccurs="0">
            <name>CER.1</name>
            <description>Set ID</description>
            <datatype>SI</datatype>
        </field>
        <field minOccurs="0" maxOccurs="0">
            <name>CER.2</name>
            <description>Serial Number</description>
            <datatype>ST</datatype>
        </field>
        <field minOccurs="0" maxOccurs="0">
            <name>CER.3</name>
            <description>Version</description>
            <datatype>ST</datatype>
        </field>
        <field minOccurs="0" maxOccurs="0">
            <name>CER.4</name>
            <description>Granting Authority</description>
            <datatype>XON</datatype>
        </field>
        <field minOccurs="0" maxOccurs="0">
            <name>CER.5</name>
            <description>Issuing Authority</description>
            <datatype>XCN</datatype>
        </field>
        <field minOccurs="0" maxOccurs="0">
            <name>CER.6</name>
            <description>Signature of Issuing Authority</description>
            <datatype>ED</datatype>
        </field>
        <field minOccurs="0" maxOccurs="0">
            <name>CER.7</name>
            <description>Granting Country</description>
            <datatype>ID</datatype>
        </field>
        <field minOccurs="0" maxOccurs="0">
            <name>CER.8</name>
            <description>Granting State/Province</description>
            <datatype>CWE</datatype>
        </field>
        <field minOccurs="0" maxOccurs="0">
            <name>CER.9</name>
            <description>Granting County/Parish</description>
            <datatype>CWE</datatype>
        </field>
        <field minOccurs="0" maxOccurs="0">
            <name>CER.10</name>
            <description>Certificate Type</description>
            <datatype>CWE</datatype>
        </field>
        <field minOccurs="0" maxOccurs="0">
            <name>CER.11</name>
            <description>Certificate Domain</description>
            <datatype>CWE</datatype>
        </field>
        <field minOccurs="0" maxOccurs="0">
            <name>CER.12</name>
            <description>Subject ID</description>
            <datatype>ID</datatype>
        </field>
        <field minOccurs="1" maxOccurs="0">
            <name>CER.13</name>
            <description>Subject Name</description>
            <datatype>ST</datatype>
        </field>
        <field minOccurs="0" maxOccurs="unbounded">
            <name>CER.14</name>
            <description>Subject Directory Attribute Extension (Health Professional Data)</description>
            <datatype>CWE</datatype>
        </field>
        <field minOccurs="0" maxOccurs="0">
            <name>CER.15</name>
            <description>Subject Public Key Info</description>
            <datatype>CWE</datatype>
        </field>
        <field minOccurs="0" maxOccurs="0">
            <name>CER.16</name>
            <description>Authority Key Identifier</description>
            <datatype>CWE</datatype>
        </field>
        <field minOccurs="0" maxOccurs="0">
            <name>CER.17</name>
            <description>Basic Constraint</description>
            <datatype>ID</datatype>
        </field>
        <field minOccurs="0" maxOccurs="unbounded">
            <name>CER.18</name>
            <description>Crl Distribution Point</description>
            <datatype>CWE</datatype>
        </field>
        <field minOccurs="0" maxOccurs="0">
            <name>CER.19</name>
            <description>Jurisdiction Country</description>
            <datatype>ID</datatype>
        </field>
        <field minOccurs="0" maxOccurs="0">
            <name>CER.20</name>
            <description>Jurisdiction State/Province</description>
            <datatype>CWE</datatype>
        </field>
        <field minOccurs="0" maxOccurs="0">
            <name>CER.21</name>
            <description>Jurisdiction County/Parish</description>
            <datatype>CWE</datatype>
        </field>
        <field minOccurs="0" maxOccurs="unbounded">
            <name>CER.22</name>
            <description>Jurisdiction Breadth</description>
            <datatype>CWE</datatype>
        </field>
        <field minOccurs="0" maxOccurs="0">
            <name>CER.23</name>
            <description>Granting Date</description>
            <datatype>TS</datatype>
        </field>
        <field minOccurs="0" maxOccurs="0">
            <name>CER.24</name>
            <description>Issuing Date</description>
            <datatype>TS</datatype>
        </field>
        <field minOccurs="0" maxOccurs="0">
            <name>CER.25</name>
            <description>Activation Date</description>
            <datatype>TS</datatype>
        </field>
        <field minOccurs="0" maxOccurs="0">
            <name>CER.26</name>
            <description>Inactivation Date</description>
            <datatype>TS</datatype>
        </field>
        <field minOccurs="0" maxOccurs="0">
            <name>CER.27</name>
            <description>Expiration Date</description>
            <datatype>TS</datatype>
        </field>
        <field minOccurs="0" maxOccurs="0">
            <name>CER.28</name>
            <description>Renewal Date</description>
            <datatype>TS</datatype>
        </field>
        <field minOccurs="0" maxOccurs="0">
            <name>CER.29</name>
            <description>Revocation Date</description>
            <datatype>TS</datatype>
        </field>
        <field minOccurs="0" maxOccurs="0">
            <name>CER.30</name>
            <description>Revocation Reason Code</description>
            <datatype>CE</datatype>
        </field>
        <field minOccurs="0" maxOccurs="0">
            <name>CER.31</name>
            <description>Certificate Status</description>
            <datatype>CWE</datatype>
        </field>
    </elements>
</segment>
